claim_id,date_of_submission,date_of_decision,date_of_payout,amount_of_payout,suspicion_of_fraud
902109,2010-08-24,2010-09-07,2010-09-11,68818,not suspected of fraud
446973,2015-12-30,2016-01-25,2016-02-04,151729,not suspected of fraud
562040,2015-06-18,2015-07-08,2015-07-20,310034,not suspected of fraud
857801,2012-05-31,2012-07-29,2012-08-06,126016,fraud suspected
358089,2018-12-30,2019-01-06,2019-01-10,293597,not suspected of fraud
830659,2016-07-01,2016-07-11,2016-07-19,82651,not suspected of fraud
452957,2017-12-18,2018-01-02,2018-01-04,33845,not suspected of fraud
769171,2010-11-14,2010-11-26,2010-12-09,249152,fraud suspected
225849,2011-02-20,2011-04-19,2011-04-30,27128,not suspected of fraud
418948,2012-09-04,2012-09-30,2012-10-10,189725,not suspected of fraud
727517,2014-03-31,2014-05-21,2014-06-04,278085,fraud suspected
914616,2021-07-01,2021-08-05,2021-08-10,118238,not suspected of fraud
103088,2019-04-07,2019-04-11,2019-04-25,109519,not suspected of fraud
376881,2019-07-04,2019-08-12,2019-08-25,171385,not suspected of fraud
779592,2020-08-28,2020-09-24,2020-10-04,83013,not suspected of fraud
640942,2013-12-24,2014-02-13,2014-02-23,191774,not suspected of fraud
132673,2013-07-30,2013-09-05,2013-09-11,117064,fraud suspected
675240,2015-08-18,2015-10-11,2015-10-23,244230,not suspected of fraud
185761,2016-09-18,2016-10-20,2016-10-28,201764,not suspected of fraud
548630,2015-08-30,2015-09-19,2015-09-28,60913,not suspected of fraud
324439,2016-07-07,2016-07-20,2016-07-24,17603,not suspected of fraud
409277,2020-01-26,2020-01-27,2020-02-01,144256,not suspected of fraud
999225,2017-08-25,2017-09-26,2017-10-07,311224,not suspected of fraud
999835,2021-05-27,2021-06-08,2021-06-22,98675,not suspected of fraud
934126,2012-01-19,2012-01-26,2012-02-09,150842,not suspected of fraud
721053,2019-05-14,2019-05-21,2019-05-28,42631,fraud suspected
185339,2015-12-16,2015-12-17,2015-12-30,98199,not suspected of fraud
948303,2021-01-03,2021-02-19,2021-02-27,56461,not suspected of fraud
157383,2020-02-20,2020-03-17,2020-03-25,296498,fraud suspected
515696,2016-09-11,2016-10-31,2016-11-10,148925,not suspected of fraud
471228,2011-12-09,2012-01-16,2012-01-28,136886,not suspected of fraud
379506,2012-08-06,2012-09-28,2012-10-08,34720,not suspected of fraud
258753,2013-05-15,2013-06-06,2013-06-15,64232,not suspected of fraud
100725,2020-01-20,2020-03-11,2020-03-22,167438,not suspected of fraud
188475,2017-09-11,2017-10-13,2017-10-24,160391,not suspected of fraud
849100,2011-08-04,2011-09-25,2011-10-05,61262,not suspected of fraud
949438,2012-05-10,2012-07-03,2012-07-15,170408,fraud suspected
942425,2017-01-28,2017-03-21,2017-04-01,34494,not suspected of fraud
993132,2011-10-10,2011-11-16,2011-11-23,157157,not suspected of fraud
784834,2013-05-21,2013-06-07,2013-06-13,379882,not suspected of fraud
510646,2014-07-18,2014-07-22,2014-07-29,15108,not suspected of fraud
908149,2010-07-28,2010-07-31,2010-08-08,121671,not suspected of fraud
583666,2019-08-18,2019-09-25,2019-10-06,187039,not suspected of fraud
859301,2017-01-30,2017-02-03,2017-02-16,357668,not suspected of fraud
955148,2014-03-28,2014-03-29,2014-04-01,260566,not suspected of fraud
200947,2016-08-08,2016-09-20,2016-10-03,351346,not suspected of fraud
606419,2014-03-01,2014-04-18,2014-04-25,108209,not suspected of fraud
346043,2014-10-17,2014-12-03,2014-12-07,126491,not suspected of fraud
880939,2019-09-14,2019-10-17,2019-10-18,101334,not suspected of fraud
313555,2016-06-08,2016-06-17,2016-06-18,300318,not suspected of fraud
212778,2013-09-02,2013-10-20,2013-11-02,70681,not suspected of fraud
925428,2012-01-17,2012-02-01,2012-02-13,59017,not suspected of fraud
720798,2020-03-18,2020-05-07,2020-05-17,109762,not suspected of fraud
220441,2015-06-21,2015-06-29,2015-07-06,393780,not suspected of fraud
102833,2017-06-07,2017-07-07,2017-07-16,224370,not suspected of fraud
767330,2019-04-14,2019-04-22,2019-05-04,141713,not suspected of fraud
431049,2013-02-17,2013-04-05,2013-04-15,38661,not suspected of fraud
238483,2010-03-11,2010-03-27,2010-04-10,124501,not suspected of fraud
130237,2010-10-07,2010-11-12,2010-11-20,206296,not suspected of fraud
339226,2011-05-03,2011-06-14,2011-06-16,24138,not suspected of fraud
156033,2011-02-14,2011-02-23,2011-03-06,124661,not suspected of fraud
920488,2016-09-26,2016-09-28,2016-10-10,156817,not suspected of fraud
261416,2017-12-21,2018-01-19,2018-01-25,133297,not suspected of fraud
920301,2019-02-12,2019-03-26,2019-03-29,217497,not suspected of fraud
163956,2021-02-13,2021-04-07,2021-04-17,303186,not suspected of fraud
369762,2016-07-30,2016-09-20,2016-09-23,72247,not suspected of fraud
731480,2021-01-19,2021-02-27,2021-03-05,88110,not suspected of fraud
933038,2013-12-09,2014-01-18,2014-02-01,484235,not suspected of fraud
405418,2014-12-02,2015-01-08,2015-01-10,386486,not suspected of fraud
367737,2019-11-27,2019-12-16,2019-12-24,186571,not suspected of fraud
835976,2013-11-21,2013-12-14,2013-12-27,43571,not suspected of fraud
274042,2018-04-24,2018-05-30,2018-06-11,43367,not suspected of fraud
459927,2020-02-16,2020-03-03,2020-03-11,73602,fraud suspected
591847,2016-01-10,2016-02-03,2016-02-16,377054,fraud suspected
283352,2013-09-13,2013-09-16,2013-09-29,74436,not suspected of fraud
587770,2013-07-22,2013-09-19,2013-09-29,107466,not suspected of fraud
584313,2021-03-21,2021-04-30,2021-05-06,70359,not suspected of fraud
900259,2021-10-04,2021-11-02,2021-11-11,147522,fraud suspected
802678,2016-11-17,2016-12-03,2016-12-10,221867,fraud suspected
279807,2010-03-23,2010-04-27,2010-04-30,109619,not suspected of fraud
790605,2021-04-22,2021-05-21,2021-05-22,193205,not suspected of fraud
372621,2012-11-29,2012-12-09,2012-12-13,353409,not suspected of fraud
385068,2019-08-29,2019-10-24,2019-10-28,38935,not suspected of fraud
578486,2013-06-14,2013-07-23,2013-08-02,86123,not suspected of fraud
772214,2018-05-28,2018-05-29,2018-06-08,58617,not suspected of fraud
670373,2010-05-14,2010-06-06,2010-06-13,129137,not suspected of fraud
133508,2020-12-12,2020-12-30,2021-01-01,228634,not suspected of fraud
329162,2018-10-14,2018-10-15,2018-10-25,110347,fraud suspected
951747,2018-05-25,2018-07-16,2018-07-17,131305,not suspected of fraud
342853,2020-03-02,2020-04-11,2020-04-12,287537,not suspected of fraud
450997,2019-10-15,2019-11-27,2019-11-29,409499,not suspected of fraud
794013,2014-09-02,2014-10-26,2014-11-06,46676,not suspected of fraud
402582,2014-07-15,2014-08-23,2014-09-02,106746,not suspected of fraud
692071,2016-05-31,2016-06-13,2016-06-22,169721,not suspected of fraud
729844,2017-04-27,2017-06-04,2017-06-08,48587,not suspected of fraud
262182,2019-05-20,2019-05-28,2019-06-04,100650,not suspected of fraud
823051,2017-03-11,2017-05-05,2017-05-19,48264,fraud suspected
342524,2019-11-03,2019-12-19,2019-12-29,76976,not suspected of fraud
316702,2020-06-16,2020-07-01,2020-07-15,20700,not suspected of fraud
691634,2019-10-02,2019-11-17,2019-11-18,135932,not suspected of fraud
533117,2017-08-19,2017-08-29,2017-09-08,16302,not suspected of fraud
314714,2019-02-28,2019-03-28,2019-04-07,371015,not suspected of fraud
436389,2017-06-05,2017-08-02,2017-08-03,21868,not suspected of fraud
760293,2018-11-14,2018-12-17,2018-12-19,283424,not suspected of fraud
233945,2021-01-06,2021-02-06,2021-02-10,43944,not suspected of fraud
528008,2021-04-06,2021-05-12,2021-05-22,469391,fraud suspected
232411,2011-10-03,2011-11-24,2011-12-05,56183,not suspected of fraud
156145,2014-11-08,2014-11-27,2014-12-04,24057,not suspected of fraud
724548,2016-08-09,2016-09-13,2016-09-20,101516,not suspected of fraud
399188,2014-04-29,2014-05-26,2014-06-07,182441,not suspected of fraud
545471,2016-09-12,2016-11-11,2016-11-19,203932,not suspected of fraud
313805,2011-04-16,2011-06-13,2011-06-21,346846,not suspected of fraud
114466,2015-04-15,2015-06-04,2015-06-15,233074,fraud suspected
937534,2012-07-21,2012-08-18,2012-08-29,191871,not suspected of fraud
233719,2012-08-25,2012-10-07,2012-10-11,207076,fraud suspected
106760,2019-05-12,2019-05-18,2019-06-01,72947,not suspected of fraud
349180,2013-09-11,2013-10-01,2013-10-05,162089,not suspected of fraud
324473,2018-06-21,2018-08-16,2018-08-24,358756,not suspected of fraud
732421,2020-03-17,2020-04-01,2020-04-15,270551,not suspected of fraud
209335,2020-10-09,2020-11-07,2020-11-13,90810,not suspected of fraud
930512,2015-04-21,2015-06-20,2015-06-25,140669,fraud suspected
771623,2012-10-06,2012-10-10,2012-10-13,139633,not suspected of fraud
336365,2015-01-07,2015-03-06,2015-03-12,87851,not suspected of fraud
169430,2019-01-10,2019-02-17,2019-02-19,67989,not suspected of fraud
375037,2020-05-31,2020-07-30,2020-08-11,72448,fraud suspected
192240,2020-10-09,2020-10-11,2020-10-15,40685,not suspected of fraud
465924,2018-01-27,2018-01-30,2018-02-01,29605,not suspected of fraud
441315,2018-12-16,2019-01-13,2019-01-14,156848,fraud suspected
666190,2019-07-15,2019-08-22,2019-08-25,309457,not suspected of fraud
312558,2019-02-07,2019-03-21,2019-03-23,121037,not suspected of fraud
680135,2014-09-25,2014-11-12,2014-11-16,165868,not suspected of fraud
823487,2012-12-16,2013-01-23,2013-01-27,75825,fraud suspected
728758,2012-06-05,2012-06-09,2012-06-10,78862,fraud suspected
456609,2013-11-25,2014-01-01,2014-01-06,61584,not suspected of fraud
433154,2019-12-14,2020-01-07,2020-01-20,382385,not suspected of fraud
292090,2019-11-03,2019-12-22,2019-12-26,180782,not suspected of fraud
166582,2012-03-18,2012-05-17,2012-05-23,83323,not suspected of fraud
223215,2014-10-07,2014-12-02,2014-12-08,194623,not suspected of fraud
210731,2018-05-18,2018-07-14,2018-07-22,40164,not suspected of fraud
142840,2020-07-26,2020-09-09,2020-09-12,119187,not suspected of fraud
404133,2013-06-30,2013-08-10,2013-08-20,218500,not suspected of fraud
139132,2011-09-06,2011-09-12,2011-09-14,13476,not suspected of fraud
696007,2015-12-28,2016-01-17,2016-01-20,183675,not suspected of fraud
651703,2018-05-16,2018-05-21,2018-05-26,199243,not suspected of fraud
927894,2014-07-28,2014-09-17,2014-09-28,222867,not suspected of fraud
514469,2016-04-10,2016-05-26,2016-05-27,34778,not suspected of fraud
500662,2015-07-22,2015-08-01,2015-08-15,66977,not suspected of fraud
419919,2011-03-11,2011-04-28,2011-05-01,152325,not suspected of fraud
870530,2016-08-12,2016-09-27,2016-10-07,119670,not suspected of fraud
956822,2012-04-15,2012-06-08,2012-06-21,14759,not suspected of fraud
891053,2017-05-27,2017-07-11,2017-07-15,276103,not suspected of fraud
475740,2019-07-19,2019-08-05,2019-08-08,98355,not suspected of fraud
370203,2016-11-03,2016-12-23,2017-01-04,20841,not suspected of fraud
702682,2020-02-17,2020-03-29,2020-04-10,128312,not suspected of fraud
662252,2015-05-13,2015-05-28,2015-06-05,261593,not suspected of fraud
422964,2013-01-09,2013-02-28,2013-03-07,282079,not suspected of fraud
527999,2012-08-22,2012-09-20,2012-09-25,31419,not suspected of fraud
974872,2020-05-21,2020-07-12,2020-07-17,341917,not suspected of fraud
307531,2015-10-18,2015-11-04,2015-11-13,242234,fraud suspected
867182,2020-03-02,2020-04-08,2020-04-12,45886,not suspected of fraud
980779,2020-07-12,2020-08-11,2020-08-21,184085,not suspected of fraud
319935,2019-06-02,2019-07-18,2019-07-31,121830,not suspected of fraud
485774,2018-09-21,2018-10-06,2018-10-20,183879,not suspected of fraud
831733,2018-09-12,2018-09-16,2018-09-18,151449,not suspected of fraud
107655,2018-06-09,2018-07-31,2018-08-07,19719,not suspected of fraud
519523,2020-06-19,2020-06-23,2020-06-28,96813,not suspected of fraud
123320,2018-09-15,2018-10-15,2018-10-29,59807,not suspected of fraud
571546,2016-11-05,2016-12-09,2016-12-12,63725,not suspected of fraud
162904,2014-12-16,2015-02-03,2015-02-17,122979,not suspected of fraud
581416,2019-02-08,2019-03-27,2019-04-08,21739,fraud suspected
516373,2018-10-27,2018-12-12,2018-12-15,174554,not suspected of fraud
438231,2015-08-10,2015-09-25,2015-10-05,257777,fraud suspected
544306,2014-05-26,2014-05-29,2014-06-02,31651,not suspected of fraud
301984,2019-04-07,2019-06-02,2019-06-15,17503,not suspected of fraud
109466,2013-01-21,2013-02-11,2013-02-14,197528,not suspected of fraud
797235,2012-04-09,2012-05-02,2012-05-06,37854,not suspected of fraud
354670,2011-05-05,2011-06-29,2011-07-04,90835,fraud suspected
986520,2013-05-10,2013-07-02,2013-07-11,144889,not suspected of fraud
691409,2012-06-04,2012-06-12,2012-06-23,253007,fraud suspected
449390,2011-06-13,2011-07-17,2011-07-20,38808,not suspected of fraud
154447,2014-05-30,2014-06-01,2014-06-11,267893,not suspected of fraud
332804,2018-11-18,2018-12-02,2018-12-11,109172,not suspected of fraud
102841,2013-04-10,2013-05-27,2013-06-05,136605,not suspected of fraud
888112,2015-05-25,2015-06-02,2015-06-13,114391,fraud suspected
365216,2019-03-11,2019-03-15,2019-03-25,6456,not suspected of fraud
553887,2012-11-07,2012-11-30,2012-12-09,316289,not suspected of fraud
818026,2015-04-02,2015-04-15,2015-04-26,105735,not suspected of fraud
982796,2020-01-09,2020-02-10,2020-02-16,114417,not suspected of fraud
575213,2013-12-06,2013-12-14,2013-12-24,263254,not suspected of fraud
223903,2018-03-20,2018-05-19,2018-05-29,100028,not suspected of fraud
706366,2015-02-21,2015-04-13,2015-04-14,69705,not suspected of fraud
595186,2020-02-03,2020-02-19,2020-03-01,8557,not suspected of fraud
409635,2019-03-18,2019-05-15,2019-05-29,248220,not suspected of fraud
823438,2013-11-12,2013-11-19,2013-11-24,31059,not suspected of fraud
266247,2016-06-20,2016-07-14,2016-07-16,74650,fraud suspected
661100,2014-02-19,2014-03-12,2014-03-21,113356,not suspected of fraud
908966,2014-01-12,2014-02-08,2014-02-09,198241,not suspected of fraud
734043,2014-07-03,2014-08-03,2014-08-13,142878,not suspected of fraud
258079,2019-08-25,2019-09-26,2019-10-06,85388,not suspected of fraud
233073,2019-08-04,2019-08-23,2019-09-01,66611,not suspected of fraud
878959,2019-12-17,2020-01-05,2020-01-15,352221,not suspected of fraud
903494,2010-12-31,2011-02-28,2011-03-01,32467,not suspected of fraud
180505,2020-10-27,2020-12-05,2020-12-14,59252,not suspected of fraud
227665,2017-04-22,2017-05-16,2017-05-30,317354,not suspected of fraud
201633,2018-08-03,2018-09-12,2018-09-25,298314,not suspected of fraud
412299,2015-03-30,2015-04-23,2015-05-06,81481,not suspected of fraud
374032,2020-04-10,2020-06-03,2020-06-08,72818,not suspected of fraud
168743,2019-12-09,2020-01-02,2020-01-14,85650,not suspected of fraud
535819,2018-03-31,2018-05-09,2018-05-21,384912,not suspected of fraud
620060,2013-07-11,2013-08-26,2013-09-06,78462,not suspected of fraud
889393,2019-09-30,2019-11-15,2019-11-23,117511,not suspected of fraud
785076,2015-02-08,2015-02-10,2015-02-24,37528,not suspected of fraud
822797,2010-12-23,2011-01-22,2011-01-23,129067,not suspected of fraud
910120,2019-12-19,2020-01-03,2020-01-04,47334,not suspected of fraud
369921,2014-10-27,2014-12-18,2014-12-26,67347,not suspected of fraud
123031,2014-12-11,2014-12-24,2015-01-02,82284,not suspected of fraud
802421,2013-12-30,2014-01-30,2014-02-07,154872,not suspected of fraud
989557,2016-05-03,2016-06-05,2016-06-07,59376,not suspected of fraud
439835,2016-06-01,2016-07-27,2016-07-29,199657,not suspected of fraud
282366,2018-04-04,2018-05-14,2018-05-28,295550,not suspected of fraud
771649,2021-06-23,2021-08-13,2021-08-15,118010,not suspected of fraud
813476,2020-10-03,2020-10-05,2020-10-14,89418,not suspected of fraud
767248,2013-02-16,2013-04-13,2013-04-17,291720,not suspected of fraud
323202,2013-09-30,2013-10-16,2013-10-26,162711,not suspected of fraud
233785,2012-04-14,2012-06-08,2012-06-13,125131,not suspected of fraud
565152,2018-12-09,2018-12-31,2019-01-08,130215,not suspected of fraud
325041,2018-05-05,2018-05-21,2018-05-25,132342,not suspected of fraud
102587,2016-08-31,2016-09-12,2016-09-19,149315,not suspected of fraud
269480,2019-06-11,2019-08-10,2019-08-24,143101,not suspected of fraud
224370,2015-08-27,2015-10-05,2015-10-06,296554,not suspected of fraud
471233,2016-01-01,2016-02-15,2016-02-26,269699,not suspected of fraud
242077,2014-12-11,2014-12-18,2014-12-20,159270,not suspected of fraud
935697,2014-04-19,2014-04-22,2014-04-29,121273,not suspected of fraud
141458,2016-10-08,2016-11-24,2016-12-03,128214,not suspected of fraud
511919,2018-03-18,2018-05-09,2018-05-17,158949,not suspected of fraud
319967,2018-09-03,2018-09-13,2018-09-14,23047,not suspected of fraud
360622,2017-09-06,2017-09-21,2017-09-30,291528,fraud suspected
919224,2013-06-17,2013-07-27,2013-08-08,81372,not suspected of fraud
673695,2013-11-09,2013-12-17,2013-12-19,120216,fraud suspected
407361,2018-06-30,2018-07-20,2018-08-02,377916,not suspected of fraud
979461,2016-07-11,2016-07-12,2016-07-24,196513,not suspected of fraud
818055,2013-06-02,2013-07-05,2013-07-17,354340,not suspected of fraud
154234,2013-12-25,2014-02-15,2014-02-17,177421,fraud suspected
230311,2013-04-29,2013-06-26,2013-06-28,137500,fraud suspected
695947,2016-09-01,2016-10-03,2016-10-15,124613,not suspected of fraud
828674,2011-09-05,2011-11-04,2011-11-09,101540,not suspected of fraud
141602,2014-11-27,2014-12-18,2014-12-27,174240,not suspected of fraud
504374,2017-09-25,2017-11-20,2017-12-03,332917,not suspected of fraud
506083,2019-08-09,2019-09-11,2019-09-15,24849,not suspected of fraud
146979,2019-01-27,2019-03-06,2019-03-16,23465,not suspected of fraud
493487,2015-03-02,2015-03-17,2015-03-28,40163,not suspected of fraud
179109,2015-12-04,2016-01-11,2016-01-13,233883,not suspected of fraud
625452,2017-12-09,2017-12-13,2017-12-20,401908,not suspected of fraud
390448,2011-03-14,2011-04-14,2011-04-21,56714,not suspected of fraud
670305,2016-05-07,2016-06-02,2016-06-10,173609,not suspected of fraud
141689,2018-01-10,2018-03-10,2018-03-21,100536,not suspected of fraud
276207,2020-05-28,2020-06-12,2020-06-15,293475,not suspected of fraud
360375,2011-09-07,2011-09-29,2011-10-08,186641,fraud suspected
156746,2018-04-02,2018-04-29,2018-05-08,243241,not suspected of fraud
776269,2014-12-04,2014-12-29,2015-01-10,35925,not suspected of fraud
172140,2017-12-15,2018-01-14,2018-01-21,47498,not suspected of fraud
397361,2012-01-18,2012-02-24,2012-02-25,97272,fraud suspected
431198,2018-10-18,2018-11-19,2018-11-28,167037,not suspected of fraud
551232,2013-09-18,2013-09-25,2013-10-07,178532,not suspected of fraud
406233,2021-01-16,2021-02-03,2021-02-10,31968,not suspected of fraud
270730,2015-09-26,2015-10-07,2015-10-13,68480,not suspected of fraud
678472,2012-01-31,2012-02-18,2012-03-01,363372,not suspected of fraud
189917,2019-09-07,2019-10-14,2019-10-20,62001,not suspected of fraud
382887,2015-11-13,2015-12-22,2015-12-31,129694,not suspected of fraud
698699,2014-07-29,2014-07-30,2014-08-10,102926,not suspected of fraud
748939,2015-12-22,2016-02-07,2016-02-12,50458,not suspected of fraud
458613,2016-02-04,2016-02-29,2016-03-06,311666,not suspected of fraud
975406,2017-08-27,2017-10-02,2017-10-03,201553,not suspected of fraud
477661,2015-09-03,2015-09-22,2015-09-29,96369,not suspected of fraud
175543,2020-11-01,2020-11-05,2020-11-06,176747,not suspected of fraud
682628,2014-11-29,2014-12-12,2014-12-15,77667,not suspected of fraud
568457,2018-01-30,2018-02-14,2018-02-21,138084,not suspected of fraud
269915,2020-03-02,2020-04-28,2020-05-08,89639,not suspected of fraud
294252,2017-06-28,2017-08-22,2017-08-24,256212,not suspected of fraud
805864,2016-02-03,2016-03-06,2016-03-09,290945,not suspected of fraud
341083,2011-01-13,2011-03-12,2011-03-19,214821,not suspected of fraud
464482,2020-03-29,2020-05-08,2020-05-10,91566,not suspected of fraud
144008,2020-10-13,2020-10-19,2020-10-28,152228,not suspected of fraud
107261,2014-07-19,2014-08-11,2014-08-18,225789,not suspected of fraud
481712,2016-06-06,2016-07-16,2016-07-20,400225,fraud suspected
125575,2016-03-07,2016-04-02,2016-04-16,12484,not suspected of fraud
686459,2012-04-17,2012-04-27,2012-05-08,28159,not suspected of fraud
317521,2010-03-09,2010-04-06,2010-04-19,206812,not suspected of fraud
532181,2017-06-21,2017-07-09,2017-07-12,148916,not suspected of fraud
715256,2018-01-28,2018-02-16,2018-03-01,107770,not suspected of fraud
522222,2013-06-13,2013-07-01,2013-07-07,62117,not suspected of fraud
936240,2013-09-07,2013-09-16,2013-09-23,185664,not suspected of fraud
745248,2014-12-09,2014-12-27,2015-01-01,153359,not suspected of fraud
516359,2018-05-21,2018-06-10,2018-06-20,422131,not suspected of fraud
357445,2010-12-25,2010-12-26,2011-01-08,74196,fraud suspected
877659,2014-02-23,2014-04-21,2014-04-26,89526,not suspected of fraud
747337,2010-08-23,2010-09-25,2010-10-02,39934,not suspected of fraud
198512,2018-03-26,2018-03-28,2018-03-31,195985,not suspected of fraud
711754,2015-09-04,2015-09-14,2015-09-20,243685,not suspected of fraud
828846,2019-01-24,2019-03-22,2019-03-31,234746,not suspected of fraud
613301,2019-02-20,2019-04-13,2019-04-14,121557,not suspected of fraud
241684,2013-08-30,2013-10-20,2013-11-02,201454,not suspected of fraud
334840,2017-06-29,2017-08-07,2017-08-11,45889,not suspected of fraud
196734,2016-12-08,2016-12-24,2017-01-07,141823,not suspected of fraud
960012,2018-08-09,2018-09-05,2018-09-06,98537,not suspected of fraud
638480,2017-01-23,2017-01-27,2017-02-02,381350,not suspected of fraud
961630,2011-05-25,2011-06-30,2011-07-03,144439,not suspected of fraud
381420,2012-10-22,2012-11-13,2012-11-24,164329,fraud suspected
872490,2012-12-31,2013-01-13,2013-01-24,104522,not suspected of fraud
340598,2014-09-18,2014-09-22,2014-10-05,131443,not suspected of fraud
333455,2013-03-29,2013-04-16,2013-04-20,84165,not suspected of fraud
510546,2014-06-01,2014-07-05,2014-07-07,51126,not suspected of fraud
522881,2019-11-07,2019-12-19,2019-12-23,171732,fraud suspected
229211,2016-03-15,2016-04-01,2016-04-06,406888,not suspected of fraud
145085,2021-01-16,2021-03-09,2021-03-20,25352,not suspected of fraud
491779,2010-11-04,2010-11-14,2010-11-17,291443,not suspected of fraud
762896,2021-03-09,2021-04-24,2021-04-27,147265,not suspected of fraud
309808,2011-03-06,2011-04-17,2011-05-01,139881,not suspected of fraud
815913,2012-09-18,2012-10-21,2012-10-23,156270,not suspected of fraud
199475,2021-05-22,2021-06-24,2021-06-28,231189,not suspected of fraud
498319,2020-02-16,2020-02-19,2020-02-22,274709,not suspected of fraud
159787,2020-06-30,2020-07-25,2020-07-28,65884,not suspected of fraud
210967,2015-10-27,2015-11-26,2015-11-29,294477,not suspected of fraud
140091,2016-12-09,2017-01-17,2017-01-21,255920,not suspected of fraud
827134,2015-03-15,2015-04-11,2015-04-22,27661,not suspected of fraud
954268,2016-06-30,2016-07-21,2016-07-30,52717,not suspected of fraud
929627,2016-04-05,2016-05-28,2016-05-29,21874,not suspected of fraud
780239,2013-05-16,2013-07-15,2013-07-17,54247,not suspected of fraud
729563,2018-09-18,2018-09-22,2018-09-26,251993,not suspected of fraud
423407,2015-04-02,2015-04-09,2015-04-16,16048,not suspected of fraud
728244,2019-04-09,2019-05-12,2019-05-17,178139,not suspected of fraud
931282,2014-03-29,2014-05-11,2014-05-22,299951,not suspected of fraud
315614,2021-03-17,2021-03-19,2021-03-21,29253,not suspected of fraud
419068,2019-10-04,2019-10-22,2019-10-25,129665,not suspected of fraud
311394,2020-03-26,2020-05-02,2020-05-06,182842,not suspected of fraud
125441,2012-10-10,2012-12-05,2012-12-19,338504,not suspected of fraud
478648,2019-03-19,2019-04-18,2019-04-24,59849,not suspected of fraud
885471,2014-04-26,2014-05-03,2014-05-15,100246,fraud suspected
506141,2016-02-18,2016-04-11,2016-04-14,156044,not suspected of fraud
117617,2020-11-13,2020-12-24,2020-12-31,229073,fraud suspected
941905,2014-09-26,2014-10-12,2014-10-24,19792,not suspected of fraud
253647,2018-09-07,2018-09-25,2018-10-09,58041,not suspected of fraud
941290,2014-07-20,2014-08-06,2014-08-10,165228,not suspected of fraud
627301,2013-03-11,2013-03-23,2013-03-24,311502,fraud suspected
669584,2017-10-01,2017-11-29,2017-12-08,37035,not suspected of fraud
615799,2010-11-16,2010-11-26,2010-12-03,13100,not suspected of fraud
112896,2019-01-09,2019-02-11,2019-02-24,110646,not suspected of fraud
499066,2017-03-09,2017-04-15,2017-04-23,27675,not suspected of fraud
812457,2019-03-18,2019-03-21,2019-04-02,90182,not suspected of fraud
330139,2020-11-19,2021-01-07,2021-01-09,169729,not suspected of fraud
758658,2017-03-24,2017-04-11,2017-04-19,371270,not suspected of fraud
190650,2013-02-23,2013-04-22,2013-05-01,400474,fraud suspected
773123,2011-04-19,2011-04-21,2011-04-23,66709,not suspected of fraud
271613,2019-10-31,2019-11-29,2019-12-07,133968,not suspected of fraud
204658,2012-07-14,2012-08-12,2012-08-23,361964,not suspected of fraud
478075,2014-10-11,2014-11-01,2014-11-06,204352,not suspected of fraud
726975,2021-09-05,2021-10-09,2021-10-14,34417,not suspected of fraud
785800,2014-05-23,2014-06-07,2014-06-17,250637,not suspected of fraud
781310,2018-01-01,2018-01-06,2018-01-13,52065,not suspected of fraud
855045,2016-11-02,2016-12-24,2017-01-06,173737,not suspected of fraud
855128,2019-08-15,2019-09-05,2019-09-15,131373,not suspected of fraud
330978,2010-10-12,2010-12-09,2010-12-12,256701,not suspected of fraud
427240,2017-07-18,2017-07-24,2017-07-29,154410,not suspected of fraud
490203,2014-11-03,2014-12-23,2014-12-24,60443,not suspected of fraud
445301,2012-03-21,2012-04-04,2012-04-11,124758,not suspected of fraud
242687,2014-08-10,2014-09-26,2014-09-29,51191,not suspected of fraud
996752,2020-04-18,2020-06-08,2020-06-16,44512,not suspected of fraud
671110,2017-10-13,2017-11-04,2017-11-09,163115,not suspected of fraud
757408,2017-01-14,2017-01-27,2017-01-30,99037,not suspected of fraud
108156,2014-01-17,2014-03-15,2014-03-27,177165,not suspected of fraud
529160,2019-09-20,2019-09-27,2019-10-02,339639,not suspected of fraud
977186,2011-06-01,2011-06-25,2011-07-09,287946,not suspected of fraud
402825,2015-07-31,2015-09-13,2015-09-14,161753,not suspected of fraud
233458,2014-07-06,2014-08-19,2014-08-31,284233,not suspected of fraud
588944,2012-04-25,2012-06-21,2012-07-05,115911,not suspected of fraud
890928,2021-03-09,2021-03-15,2021-03-17,150616,not suspected of fraud
470983,2012-09-30,2012-10-26,2012-10-28,124406,not suspected of fraud
521244,2011-12-28,2012-01-18,2012-01-20,138189,not suspected of fraud
626016,2016-12-18,2017-02-04,2017-02-10,178243,not suspected of fraud
565627,2018-07-05,2018-08-09,2018-08-18,238193,fraud suspected
380859,2020-09-07,2020-09-21,2020-09-23,234184,not suspected of fraud
380840,2016-05-11,2016-07-07,2016-07-17,339313,fraud suspected
552487,2015-02-05,2015-02-13,2015-02-20,395820,not suspected of fraud
200080,2017-06-30,2017-08-07,2017-08-12,6013,not suspected of fraud
681931,2013-10-06,2013-12-01,2013-12-10,134906,not suspected of fraud
467729,2018-11-30,2019-01-03,2019-01-12,71116,not suspected of fraud
235340,2014-01-01,2014-02-23,2014-03-06,97527,not suspected of fraud
303975,2014-05-12,2014-05-14,2014-05-22,434536,not suspected of fraud
681411,2013-12-31,2014-01-01,2014-01-10,228206,not suspected of fraud
161825,2016-08-21,2016-09-14,2016-09-17,198346,not suspected of fraud
401469,2017-06-07,2017-07-19,2017-07-25,238620,not suspected of fraud
906588,2012-11-05,2012-12-26,2012-12-27,282207,not suspected of fraud
112444,2012-12-07,2013-02-04,2013-02-16,444353,not suspected of fraud
825294,2015-09-26,2015-11-20,2015-12-04,181556,not suspected of fraud
777860,2014-08-15,2014-10-10,2014-10-11,107252,not suspected of fraud
499219,2012-04-17,2012-05-12,2012-05-18,75225,not suspected of fraud
575906,2013-10-14,2013-11-02,2013-11-06,185841,not suspected of fraud
573824,2011-07-14,2011-09-11,2011-09-18,173610,not suspected of fraud
396494,2012-08-02,2012-09-10,2012-09-22,302283,not suspected of fraud
562942,2015-05-28,2015-07-15,2015-07-25,70692,not suspected of fraud
413686,2020-12-16,2020-12-20,2020-12-28,47691,not suspected of fraud
628467,2018-12-14,2019-01-11,2019-01-19,308412,not suspected of fraud
371116,2013-03-12,2013-03-31,2013-04-07,369820,not suspected of fraud
836790,2017-05-06,2017-06-25,2017-07-01,36876,not suspected of fraud
772495,2020-09-27,2020-11-04,2020-11-14,432251,not suspected of fraud
173791,2020-06-22,2020-08-17,2020-08-27,175342,not suspected of fraud
115405,2012-03-19,2012-04-06,2012-04-12,48647,not suspected of fraud
438779,2013-01-28,2013-03-13,2013-03-22,262939,not suspected of fraud
207695,2018-09-14,2018-10-07,2018-10-19,247805,not suspected of fraud
393035,2011-10-13,2011-11-20,2011-11-30,104084,not suspected of fraud
505305,2020-11-27,2020-12-02,2020-12-11,134003,not suspected of fraud
523927,2015-12-19,2016-02-02,2016-02-14,149386,not suspected of fraud
255957,2014-06-06,2014-08-03,2014-08-05,146952,not suspected of fraud
665267,2019-09-25,2019-10-22,2019-11-02,138975,not suspected of fraud
351591,2012-11-28,2012-12-29,2013-01-09,229318,not suspected of fraud
423423,2019-12-14,2020-01-24,2020-01-27,132652,not suspected of fraud
815142,2016-12-02,2017-01-15,2017-01-20,96521,not suspected of fraud
688986,2017-05-28,2017-06-16,2017-06-23,55650,not suspected of fraud
661098,2012-08-23,2012-10-16,2012-10-23,154929,not suspected of fraud
765545,2013-01-26,2013-02-05,2013-02-16,91994,not suspected of fraud
657910,2016-12-15,2017-01-18,2017-01-26,417285,not suspected of fraud
704201,2013-02-10,2013-04-08,2013-04-10,172605,not suspected of fraud
989877,2020-10-30,2020-12-19,2020-12-29,236699,not suspected of fraud
492739,2012-06-16,2012-07-29,2012-08-11,246225,not suspected of fraud
863243,2018-07-14,2018-08-01,2018-08-08,210385,not suspected of fraud
292866,2021-08-07,2021-09-14,2021-09-21,48415,not suspected of fraud
172262,2012-10-14,2012-11-25,2012-11-29,123267,not suspected of fraud
446030,2017-06-06,2017-07-03,2017-07-09,234024,not suspected of fraud
934433,2014-08-24,2014-09-19,2014-09-23,98310,not suspected of fraud
169602,2014-03-05,2014-05-04,2014-05-15,33102,not suspected of fraud
380602,2017-05-13,2017-05-20,2017-05-23,226790,not suspected of fraud
973413,2012-10-31,2012-12-02,2012-12-08,193521,not suspected of fraud
876500,2013-09-16,2013-11-11,2013-11-12,244683,not suspected of fraud
409258,2019-02-12,2019-03-28,2019-04-03,378236,not suspected of fraud
709100,2011-02-11,2011-03-26,2011-03-28,166835,not suspected of fraud
147119,2014-08-05,2014-09-01,2014-09-06,257868,not suspected of fraud
768911,2013-12-25,2013-12-27,2013-12-28,22375,not suspected of fraud
738908,2019-09-10,2019-10-15,2019-10-27,21676,not suspected of fraud
410970,2015-06-30,2015-08-05,2015-08-08,196827,not suspected of fraud
415654,2011-03-19,2011-04-10,2011-04-17,180814,not suspected of fraud
274527,2011-04-01,2011-04-24,2011-05-02,46913,not suspected of fraud
228472,2013-11-28,2014-01-13,2014-01-23,268115,not suspected of fraud
435263,2020-06-09,2020-06-10,2020-06-13,94017,not suspected of fraud
505409,2018-10-05,2018-10-22,2018-11-05,229340,not suspected of fraud
797429,2019-09-29,2019-11-06,2019-11-16,324954,not suspected of fraud
804642,2013-11-07,2013-12-30,2014-01-01,275651,not suspected of fraud
575242,2016-08-01,2016-08-06,2016-08-07,311365,not suspected of fraud
964233,2015-09-10,2015-11-07,2015-11-11,351976,not suspected of fraud
976060,2014-05-23,2014-06-25,2014-07-07,94724,not suspected of fraud
694905,2015-06-27,2015-07-08,2015-07-17,147756,fraud suspected
336585,2011-01-15,2011-02-20,2011-02-21,141698,not suspected of fraud
921902,2012-12-30,2013-02-20,2013-02-23,252483,not suspected of fraud
304456,2019-07-26,2019-09-07,2019-09-16,298461,not suspected of fraud
141683,2019-04-13,2019-04-23,2019-04-30,277266,not suspected of fraud
101767,2019-03-17,2019-04-10,2019-04-14,161123,not suspected of fraud
308946,2021-03-26,2021-04-12,2021-04-14,118060,not suspected of fraud
738016,2011-07-03,2011-07-20,2011-07-26,25176,not suspected of fraud
943214,2015-09-01,2015-09-07,2015-09-14,206846,fraud suspected
849344,2021-05-28,2021-07-06,2021-07-10,290807,not suspected of fraud
641318,2020-08-25,2020-09-03,2020-09-07,121642,not suspected of fraud
967425,2019-05-17,2019-06-12,2019-06-18,437176,fraud suspected
992014,2017-04-21,2017-05-24,2017-06-05,196778,not suspected of fraud
933920,2013-01-31,2013-03-27,2013-04-02,215836,fraud suspected
189434,2019-06-03,2019-06-15,2019-06-29,126899,not suspected of fraud
533022,2017-09-19,2017-11-18,2017-11-29,142502,not suspected of fraud
370197,2016-10-20,2016-11-07,2016-11-13,132359,fraud suspected
339407,2018-06-05,2018-07-01,2018-07-07,195091,not suspected of fraud
694697,2015-12-11,2016-01-23,2016-01-31,75760,not suspected of fraud
434007,2016-09-09,2016-09-12,2016-09-22,111927,not suspected of fraud
669415,2010-08-30,2010-10-03,2010-10-05,25571,not suspected of fraud
974258,2020-09-20,2020-09-28,2020-10-03,214790,not suspected of fraud
558261,2010-11-22,2010-12-30,2011-01-08,89852,not suspected of fraud
582315,2014-05-22,2014-06-30,2014-07-02,175666,not suspected of fraud
444915,2012-11-04,2012-11-26,2012-12-07,333835,not suspected of fraud
742954,2016-08-04,2016-09-10,2016-09-15,63712,not suspected of fraud
875546,2014-09-05,2014-10-22,2014-10-24,352184,not suspected of fraud
149248,2017-09-24,2017-11-04,2017-11-12,68386,not suspected of fraud
298787,2016-09-07,2016-10-06,2016-10-18,203211,not suspected of fraud
189325,2018-08-20,2018-10-01,2018-10-02,290223,not suspected of fraud
673393,2020-09-24,2020-11-03,2020-11-09,195770,not suspected of fraud
593346,2014-11-10,2015-01-09,2015-01-15,365065,not suspected of fraud
342157,2016-09-08,2016-10-05,2016-10-19,66629,not suspected of fraud
563316,2015-01-20,2015-02-11,2015-02-13,165874,not suspected of fraud
603727,2010-11-19,2010-12-16,2010-12-17,49582,not suspected of fraud
162150,2017-09-09,2017-09-13,2017-09-20,59236,not suspected of fraud
392419,2010-08-20,2010-09-25,2010-09-28,142691,not suspected of fraud
666953,2015-03-20,2015-04-05,2015-04-09,46191,not suspected of fraud
114108,2010-07-09,2010-09-06,2010-09-12,159253,not suspected of fraud
426086,2017-09-17,2017-09-22,2017-10-06,128725,not suspected of fraud
522448,2016-09-02,2016-10-19,2016-10-30,185622,not suspected of fraud
550202,2019-03-02,2019-04-28,2019-05-09,149071,fraud suspected
635312,2011-07-12,2011-08-07,2011-08-16,62047,not suspected of fraud
187865,2019-08-28,2019-09-18,2019-09-24,158853,not suspected of fraud
747050,2017-10-31,2017-11-24,2017-11-26,118374,not suspected of fraud
804813,2016-09-17,2016-10-11,2016-10-16,323116,not suspected of fraud
367063,2015-11-02,2015-12-02,2015-12-14,74169,fraud suspected
770431,2015-07-12,2015-08-14,2015-08-22,272615,not suspected of fraud
905100,2013-02-21,2013-03-09,2013-03-11,295401,not suspected of fraud
963135,2020-09-27,2020-11-06,2020-11-09,146173,not suspected of fraud
964185,2012-11-30,2013-01-12,2013-01-25,281110,not suspected of fraud
347505,2019-06-26,2019-07-05,2019-07-11,345332,not suspected of fraud
112845,2020-02-05,2020-03-15,2020-03-22,111037,not suspected of fraud
429068,2020-09-08,2020-09-11,2020-09-24,368283,not suspected of fraud
598471,2018-10-20,2018-12-14,2018-12-21,115501,not suspected of fraud
928725,2018-11-25,2019-01-03,2019-01-16,240964,not suspected of fraud
538701,2019-08-16,2019-08-23,2019-09-03,225321,not suspected of fraud
125074,2012-09-22,2012-10-28,2012-11-08,149896,not suspected of fraud
231111,2017-06-12,2017-07-23,2017-08-06,107951,fraud suspected
380583,2019-05-31,2019-07-26,2019-07-28,238353,not suspected of fraud
619166,2019-03-14,2019-04-25,2019-05-09,254412,not suspected of fraud
160400,2018-04-12,2018-04-18,2018-04-24,259977,not suspected of fraud
199693,2019-04-14,2019-04-16,2019-04-22,384649,not suspected of fraud
387537,2010-12-29,2011-01-19,2011-01-22,121188,not suspected of fraud
469073,2016-10-24,2016-12-22,2016-12-31,135031,not suspected of fraud
316902,2012-10-25,2012-12-12,2012-12-16,53276,fraud suspected
304196,2017-09-28,2017-11-20,2017-11-24,47856,not suspected of fraud
751227,2019-03-19,2019-04-13,2019-04-17,34148,not suspected of fraud
902704,2019-05-08,2019-06-22,2019-07-04,270516,not suspected of fraud
891438,2019-09-01,2019-09-12,2019-09-24,260774,not suspected of fraud
405264,2014-04-07,2014-05-06,2014-05-11,173676,not suspected of fraud
978749,2020-11-06,2020-12-30,2021-01-11,228947,not suspected of fraud
576898,2013-12-22,2014-01-11,2014-01-18,322025,not suspected of fraud
239963,2013-06-05,2013-06-17,2013-06-22,77695,not suspected of fraud
947177,2013-10-21,2013-12-15,2013-12-18,271372,not suspected of fraud
273638,2019-08-20,2019-10-01,2019-10-12,26531,not suspected of fraud
800546,2015-04-19,2015-06-02,2015-06-10,56382,not suspected of fraud
914207,2011-08-30,2011-09-02,2011-09-13,250987,not suspected of fraud
988383,2016-01-17,2016-02-04,2016-02-06,58318,not suspected of fraud
957969,2011-01-24,2011-03-10,2011-03-16,197475,not suspected of fraud
479482,2010-04-22,2010-05-26,2010-06-07,38971,not suspected of fraud
727911,2019-10-24,2019-11-10,2019-11-15,21274,not suspected of fraud
455635,2019-09-09,2019-10-25,2019-11-04,12529,not suspected of fraud
189248,2013-04-04,2013-05-25,2013-06-05,192041,not suspected of fraud
219954,2016-05-29,2016-07-28,2016-07-29,114322,not suspected of fraud
269574,2020-08-21,2020-09-17,2020-10-01,328821,not suspected of fraud
681020,2016-09-26,2016-09-30,2016-10-01,41930,not suspected of fraud
561096,2010-07-13,2010-08-04,2010-08-15,207285,fraud suspected
742752,2019-09-29,2019-11-28,2019-12-01,239481,not suspected of fraud
400072,2021-04-19,2021-06-03,2021-06-14,77385,not suspected of fraud
766724,2011-10-11,2011-10-15,2011-10-21,308946,not suspected of fraud
662626,2014-08-21,2014-08-31,2014-09-01,230945,not suspected of fraud
472394,2020-01-07,2020-01-12,2020-01-21,180197,not suspected of fraud
796752,2019-01-22,2019-02-27,2019-03-07,147180,not suspected of fraud
357253,2018-08-11,2018-09-23,2018-10-06,187656,not suspected of fraud
513448,2014-10-11,2014-11-22,2014-11-28,389953,not suspected of fraud
524377,2021-03-07,2021-04-12,2021-04-23,137637,not suspected of fraud
127219,2019-08-08,2019-08-22,2019-09-01,279535,not suspected of fraud
946385,2011-11-27,2012-01-18,2012-01-24,91676,not suspected of fraud
125489,2015-06-04,2015-07-10,2015-07-17,47425,not suspected of fraud
845621,2013-01-26,2013-01-30,2013-02-09,161174,not suspected of fraud
163744,2017-05-24,2017-06-09,2017-06-21,114475,not suspected of fraud
107668,2011-01-01,2011-02-16,2011-02-20,289939,not suspected of fraud
486415,2019-06-18,2019-08-08,2019-08-17,102771,fraud suspected
253888,2017-04-25,2017-05-04,2017-05-09,212848,fraud suspected
626914,2015-09-12,2015-11-04,2015-11-16,119559,not suspected of fraud
411915,2020-09-30,2020-11-06,2020-11-19,56770,not suspected of fraud
340489,2016-10-31,2016-12-22,2016-12-31,266657,not suspected of fraud
183276,2017-12-24,2018-01-18,2018-01-26,144130,not suspected of fraud
839014,2021-01-13,2021-03-02,2021-03-10,103553,not suspected of fraud
603609,2018-07-21,2018-08-04,2018-08-07,83145,not suspected of fraud
791458,2015-01-02,2015-01-14,2015-01-27,66766,not suspected of fraud
321509,2018-10-30,2018-12-02,2018-12-14,57483,not suspected of fraud
816682,2015-03-20,2015-03-22,2015-03-24,381633,not suspected of fraud
961119,2013-05-21,2013-06-10,2013-06-24,319994,not suspected of fraud
467465,2013-05-08,2013-06-12,2013-06-17,197646,not suspected of fraud
913471,2014-05-18,2014-05-31,2014-06-02,83043,not suspected of fraud
216454,2017-04-13,2017-05-31,2017-06-14,262788,not suspected of fraud
478847,2018-03-29,2018-05-18,2018-05-21,94510,not suspected of fraud
205561,2019-07-11,2019-09-06,2019-09-14,219429,not suspected of fraud
667002,2015-04-27,2015-05-06,2015-05-12,107357,not suspected of fraud
403093,2016-07-31,2016-08-31,2016-09-01,89494,not suspected of fraud
267437,2011-01-07,2011-02-24,2011-03-03,218203,fraud suspected
943175,2017-09-28,2017-11-26,2017-11-27,116244,not suspected of fraud
886664,2015-04-26,2015-05-07,2015-05-11,152536,not suspected of fraud
561654,2014-11-13,2014-12-10,2014-12-19,121302,not suspected of fraud
583765,2017-01-05,2017-02-10,2017-02-20,18443,not suspected of fraud
589119,2019-08-29,2019-09-26,2019-09-28,165134,not suspected of fraud
941491,2018-07-05,2018-07-29,2018-08-05,341380,not suspected of fraud
449815,2016-01-12,2016-02-17,2016-02-28,134278,not suspected of fraud
212117,2010-04-30,2010-06-02,2010-06-11,151254,not suspected of fraud
539742,2014-11-26,2014-12-22,2015-01-04,255907,not suspected of fraud
827334,2013-07-04,2013-08-25,2013-08-30,71297,not suspected of fraud
707331,2020-06-28,2020-07-15,2020-07-26,32253,not suspected of fraud
938897,2017-09-22,2017-10-25,2017-10-30,239798,not suspected of fraud
470481,2013-04-22,2013-06-03,2013-06-16,60784,not suspected of fraud
982539,2012-08-01,2012-08-04,2012-08-12,142419,not suspected of fraud
787785,2020-05-01,2020-05-06,2020-05-15,256519,fraud suspected
272349,2015-01-11,2015-02-07,2015-02-21,36538,not suspected of fraud
665374,2012-07-06,2012-08-02,2012-08-15,378833,not suspected of fraud
827379,2011-03-04,2011-03-15,2011-03-16,97151,not suspected of fraud
551488,2016-08-11,2016-09-03,2016-09-14,162129,fraud suspected
845582,2015-03-19,2015-05-16,2015-05-22,312819,fraud suspected
191342,2012-01-31,2012-03-03,2012-03-10,242790,not suspected of fraud
625187,2010-05-25,2010-06-08,2010-06-19,156902,not suspected of fraud
956179,2012-10-15,2012-11-28,2012-11-30,250098,not suspected of fraud
877190,2020-01-04,2020-01-06,2020-01-10,187703,not suspected of fraud
644093,2017-04-09,2017-06-04,2017-06-12,104571,not suspected of fraud
833288,2015-04-19,2015-04-24,2015-05-05,134919,not suspected of fraud
439030,2020-05-01,2020-05-21,2020-05-30,29969,not suspected of fraud
579460,2015-04-08,2015-04-19,2015-04-26,70733,not suspected of fraud
826822,2012-05-23,2012-06-03,2012-06-11,212019,not suspected of fraud
654026,2017-05-04,2017-06-08,2017-06-09,186922,not suspected of fraud
639839,2014-06-10,2014-06-26,2014-06-29,92311,not suspected of fraud
367396,2015-06-15,2015-07-25,2015-08-06,103909,not suspected of fraud
901897,2010-10-31,2010-11-17,2010-11-27,253834,not suspected of fraud
429403,2018-09-11,2018-11-01,2018-11-02,14412,not suspected of fraud
833092,2013-03-30,2013-04-27,2013-04-29,262128,not suspected of fraud
536066,2013-11-16,2013-11-26,2013-11-29,345474,not suspected of fraud
934546,2011-10-01,2011-10-27,2011-11-08,199874,not suspected of fraud
494465,2017-12-01,2017-12-28,2018-01-01,258149,fraud suspected
795854,2017-05-11,2017-05-18,2017-05-27,260419,not suspected of fraud
124132,2012-06-19,2012-07-17,2012-07-25,66542,not suspected of fraud
999031,2020-07-19,2020-08-29,2020-08-30,159732,not suspected of fraud
918398,2015-09-24,2015-10-31,2015-11-10,107663,not suspected of fraud
564191,2018-06-05,2018-06-09,2018-06-12,73352,not suspected of fraud
606139,2012-08-14,2012-09-15,2012-09-27,248221,not suspected of fraud
998980,2015-03-10,2015-05-07,2015-05-10,92636,not suspected of fraud
726550,2018-12-28,2019-01-25,2019-01-30,175733,not suspected of fraud
858606,2021-06-14,2021-07-21,2021-08-02,64766,not suspected of fraud
316216,2016-09-22,2016-11-03,2016-11-10,197840,not suspected of fraud
874972,2016-12-15,2016-12-18,2017-01-01,20093,not suspected of fraud
622179,2020-05-02,2020-05-13,2020-05-19,121159,not suspected of fraud
785541,2018-10-08,2018-11-19,2018-11-30,144601,not suspected of fraud
709266,2015-08-11,2015-09-04,2015-09-09,138509,not suspected of fraud
682124,2016-12-04,2016-12-26,2017-01-01,317160,not suspected of fraud
137947,2020-07-02,2020-07-12,2020-07-26,81209,fraud suspected
720792,2021-01-24,2021-02-08,2021-02-10,158085,not suspected of fraud
729230,2015-10-27,2015-11-13,2015-11-25,179147,not suspected of fraud
825545,2019-12-31,2020-01-26,2020-01-30,6370,not suspected of fraud
821741,2021-04-10,2021-05-09,2021-05-12,80806,not suspected of fraud
564366,2018-11-28,2018-12-29,2018-12-30,81623,not suspected of fraud
806005,2020-08-06,2020-08-12,2020-08-22,36637,not suspected of fraud
167304,2017-05-23,2017-07-12,2017-07-23,458357,not suspected of fraud
957857,2019-01-28,2019-02-06,2019-02-08,269023,not suspected of fraud
231762,2020-05-22,2020-06-22,2020-07-04,63588,not suspected of fraud
234506,2015-02-14,2015-02-27,2015-03-12,478813,not suspected of fraud
287767,2019-01-30,2019-02-24,2019-03-02,274056,not suspected of fraud
870331,2017-10-12,2017-12-02,2017-12-11,125948,not suspected of fraud
613041,2018-11-17,2018-12-14,2018-12-25,153878,fraud suspected
947682,2016-12-26,2017-02-24,2017-03-04,53456,not suspected of fraud
556176,2016-11-02,2016-11-18,2016-11-30,226014,not suspected of fraud
241873,2016-06-18,2016-08-11,2016-08-21,26407,not suspected of fraud
865061,2013-10-08,2013-10-09,2013-10-16,65347,not suspected of fraud
623076,2017-10-04,2017-11-06,2017-11-12,344826,not suspected of fraud
945180,2020-04-29,2020-05-10,2020-05-20,192583,not suspected of fraud
358217,2015-02-13,2015-04-02,2015-04-08,59497,fraud suspected
146405,2016-05-16,2016-06-18,2016-07-02,230623,not suspected of fraud
723460,2011-11-09,2011-12-06,2011-12-10,175142,not suspected of fraud
445099,2014-05-03,2014-07-01,2014-07-10,231900,not suspected of fraud
939196,2014-04-09,2014-05-01,2014-05-11,343200,not suspected of fraud
262581,2014-05-29,2014-07-14,2014-07-21,294310,fraud suspected
927490,2014-09-26,2014-10-26,2014-11-05,289705,not suspected of fraud
705804,2014-06-24,2014-07-17,2014-07-30,74927,not suspected of fraud
227806,2015-10-15,2015-11-05,2015-11-12,10760,not suspected of fraud
523647,2014-06-10,2014-06-13,2014-06-27,89182,not suspected of fraud
653739,2014-03-04,2014-03-13,2014-03-19,280884,fraud suspected
213466,2014-03-13,2014-03-18,2014-04-01,174991,fraud suspected
553813,2018-01-25,2018-03-22,2018-03-24,293113,not suspected of fraud
422407,2017-12-27,2018-01-31,2018-02-04,151361,fraud suspected
593496,2018-04-17,2018-05-07,2018-05-19,72951,not suspected of fraud
109946,2018-09-06,2018-09-29,2018-10-12,254590,not suspected of fraud
678647,2014-08-15,2014-08-22,2014-08-30,132705,not suspected of fraud
554388,2015-09-11,2015-10-11,2015-10-16,42329,not suspected of fraud
287877,2016-02-04,2016-03-29,2016-04-09,30834,not suspected of fraud
467134,2012-12-01,2013-01-23,2013-02-03,32414,not suspected of fraud
887131,2017-07-23,2017-09-06,2017-09-13,157553,not suspected of fraud
313662,2015-06-10,2015-08-09,2015-08-22,245599,not suspected of fraud
499496,2016-07-05,2016-08-18,2016-08-23,63472,not suspected of fraud
730077,2018-05-14,2018-07-08,2018-07-09,62324,not suspected of fraud
399902,2018-08-10,2018-08-29,2018-09-04,23776,not suspected of fraud
477408,2015-08-29,2015-10-15,2015-10-17,429879,not suspected of fraud
494967,2016-03-08,2016-03-29,2016-04-07,141054,not suspected of fraud
473073,2014-07-19,2014-07-26,2014-07-30,169196,not suspected of fraud
255644,2013-07-21,2013-08-03,2013-08-10,59487,not suspected of fraud
591193,2019-07-25,2019-08-13,2019-08-25,102452,not suspected of fraud
987736,2011-12-28,2012-01-21,2012-01-23,21558,not suspected of fraud
989304,2014-07-09,2014-07-29,2014-08-09,236301,not suspected of fraud
896065,2013-11-05,2013-12-10,2013-12-19,269288,not suspected of fraud
445930,2014-06-10,2014-07-26,2014-08-08,64959,not suspected of fraud
291227,2018-08-01,2018-09-02,2018-09-11,357878,not suspected of fraud
699403,2014-07-21,2014-07-30,2014-08-02,414099,not suspected of fraud
413080,2017-10-14,2017-11-20,2017-11-23,474158,not suspected of fraud
715423,2021-03-15,2021-04-07,2021-04-12,80859,not suspected of fraud
247789,2014-08-11,2014-09-03,2014-09-16,397906,not suspected of fraud
485403,2015-04-25,2015-05-17,2015-05-21,21310,not suspected of fraud
378468,2015-03-28,2015-05-05,2015-05-06,65658,not suspected of fraud
269967,2014-03-18,2014-05-12,2014-05-17,305178,not suspected of fraud
818288,2013-10-13,2013-11-15,2013-11-25,243769,not suspected of fraud
862850,2012-12-08,2013-01-14,2013-01-28,261740,not suspected of fraud
176704,2011-11-11,2011-11-28,2011-11-30,124345,not suspected of fraud
504480,2018-01-30,2018-03-24,2018-03-31,53900,fraud suspected
500373,2010-12-10,2010-12-15,2010-12-29,54683,not suspected of fraud
417694,2013-07-17,2013-08-10,2013-08-13,150807,not suspected of fraud
502504,2013-12-06,2013-12-22,2013-12-27,67588,not suspected of fraud
351628,2017-11-22,2017-12-31,2018-01-09,153019,not suspected of fraud
527173,2017-10-17,2017-11-13,2017-11-24,353963,not suspected of fraud
375807,2019-10-25,2019-12-12,2019-12-18,29480,not suspected of fraud
223050,2014-12-16,2014-12-23,2014-12-29,240807,not suspected of fraud
446170,2014-10-16,2014-11-17,2014-11-21,127655,not suspected of fraud
587078,2013-03-15,2013-05-08,2013-05-20,53234,not suspected of fraud
262761,2010-06-24,2010-08-13,2010-08-15,128188,fraud suspected
784288,2021-07-01,2021-07-31,2021-08-01,73792,not suspected of fraud
883642,2012-02-04,2012-02-07,2012-02-09,144396,not suspected of fraud
836783,2011-09-17,2011-09-30,2011-10-12,148006,not suspected of fraud
382446,2018-02-04,2018-03-30,2018-04-08,87884,not suspected of fraud
572787,2014-10-10,2014-11-27,2014-12-06,93472,not suspected of fraud
214661,2016-03-31,2016-05-27,2016-06-07,294929,not suspected of fraud
614494,2015-09-19,2015-09-21,2015-09-29,219385,not suspected of fraud
696343,2013-02-21,2013-03-22,2013-03-29,156322,not suspected of fraud
765494,2018-09-10,2018-10-22,2018-10-25,41729,not suspected of fraud
583648,2020-07-03,2020-07-05,2020-07-13,70754,not suspected of fraud
327552,2017-06-01,2017-06-26,2017-07-10,69539,not suspected of fraud
635441,2019-04-08,2019-04-25,2019-05-03,53478,not suspected of fraud
658681,2018-03-05,2018-04-13,2018-04-20,423563,not suspected of fraud
658865,2016-10-15,2016-10-23,2016-10-29,117404,not suspected of fraud
569012,2010-09-20,2010-10-01,2010-10-03,189487,not suspected of fraud
371286,2019-07-12,2019-07-22,2019-08-03,186773,not suspected of fraud
125623,2017-02-10,2017-03-28,2017-03-30,164809,not suspected of fraud
877094,2021-02-11,2021-03-13,2021-03-20,262150,not suspected of fraud
512189,2014-01-09,2014-01-29,2014-02-10,98947,not suspected of fraud
454183,2011-05-02,2011-05-10,2011-05-17,192312,not suspected of fraud
724740,2010-11-01,2010-11-17,2010-11-20,193805,not suspected of fraud
844895,2014-09-16,2014-10-21,2014-10-30,119178,not suspected of fraud
307351,2018-03-26,2018-04-25,2018-04-30,141729,not suspected of fraud
375811,2020-08-30,2020-10-07,2020-10-08,90386,not suspected of fraud
386701,2014-11-24,2014-12-24,2015-01-06,53648,not suspected of fraud
388642,2017-01-19,2017-02-02,2017-02-13,37736,not suspected of fraud
580723,2010-12-02,2011-01-01,2011-01-12,26572,not suspected of fraud
696919,2013-09-21,2013-10-11,2013-10-22,208767,fraud suspected
952221,2016-06-19,2016-08-07,2016-08-15,334668,not suspected of fraud
556354,2011-09-27,2011-11-08,2011-11-22,118534,fraud suspected
715437,2011-10-03,2011-11-12,2011-11-21,392820,not suspected of fraud
919339,2016-05-09,2016-05-20,2016-06-03,40153,not suspected of fraud
419258,2011-02-03,2011-02-25,2011-03-08,322611,not suspected of fraud
737374,2014-04-15,2014-06-09,2014-06-15,118083,not suspected of fraud
247940,2015-11-15,2015-12-24,2015-12-26,293005,not suspected of fraud
483640,2018-10-13,2018-12-09,2018-12-14,136992,not suspected of fraud
504567,2015-07-01,2015-07-25,2015-08-05,221083,not suspected of fraud
426436,2014-01-27,2014-03-04,2014-03-07,75442,fraud suspected
397542,2017-09-16,2017-10-27,2017-11-10,381107,not suspected of fraud
623079,2014-10-16,2014-12-14,2014-12-19,96727,fraud suspected
887958,2019-06-04,2019-06-20,2019-07-04,81499,not suspected of fraud
665330,2016-01-23,2016-02-23,2016-03-03,51449,not suspected of fraud
644560,2013-06-10,2013-07-11,2013-07-20,206439,not suspected of fraud
988483,2010-08-26,2010-08-30,2010-09-01,99352,not suspected of fraud
992090,2011-07-31,2011-09-07,2011-09-19,63897,not suspected of fraud
585020,2021-01-13,2021-02-11,2021-02-24,154891,not suspected of fraud
792819,2015-07-12,2015-09-09,2015-09-19,200592,not suspected of fraud
982587,2018-10-12,2018-12-06,2018-12-11,156686,not suspected of fraud
283941,2021-04-02,2021-05-15,2021-05-17,216596,not suspected of fraud
521089,2010-06-10,2010-07-08,2010-07-15,74243,not suspected of fraud
186330,2012-03-13,2012-04-29,2012-05-07,41181,not suspected of fraud
987949,2021-07-12,2021-08-12,2021-08-13,170507,not suspected of fraud
318072,2011-09-06,2011-11-01,2011-11-03,326957,not suspected of fraud
553057,2018-10-05,2018-11-09,2018-11-17,99707,not suspected of fraud
691442,2019-05-19,2019-06-04,2019-06-13,395623,not suspected of fraud
810119,2017-11-15,2017-12-31,2018-01-11,224272,fraud suspected
374620,2018-03-29,2018-03-30,2018-04-09,49517,not suspected of fraud
351630,2016-09-26,2016-11-05,2016-11-13,199236,not suspected of fraud
838750,2012-07-20,2012-08-27,2012-09-03,116138,not suspected of fraud
436694,2020-01-30,2020-02-14,2020-02-28,90488,fraud suspected
464568,2016-09-22,2016-11-14,2016-11-26,49974,not suspected of fraud
556367,2011-05-26,2011-05-29,2011-05-30,95370,not suspected of fraud
595687,2016-05-25,2016-06-18,2016-06-24,46377,not suspected of fraud
421568,2013-11-15,2014-01-02,2014-01-09,246545,not suspected of fraud
398141,2015-08-01,2015-09-11,2015-09-18,178115,not suspected of fraud
953121,2017-05-25,2017-06-04,2017-06-05,235343,fraud suspected
189249,2019-10-26,2019-12-21,2019-12-30,38017,not suspected of fraud
164794,2014-06-23,2014-07-13,2014-07-16,51317,not suspected of fraud
338225,2013-12-21,2014-02-04,2014-02-10,70588,not suspected of fraud
590583,2021-09-27,2021-11-22,2021-11-24,61116,not suspected of fraud
247750,2016-12-20,2017-01-16,2017-01-23,123784,not suspected of fraud
115132,2019-05-13,2019-05-30,2019-06-13,48994,not suspected of fraud
366293,2018-01-30,2018-02-05,2018-02-13,264689,fraud suspected
722367,2019-09-24,2019-10-05,2019-10-17,74238,not suspected of fraud
615070,2018-05-11,2018-06-27,2018-07-04,48223,fraud suspected
494310,2020-07-25,2020-07-30,2020-08-03,73267,not suspected of fraud
662187,2018-11-12,2018-11-19,2018-11-20,99766,not suspected of fraud
867874,2015-09-01,2015-09-21,2015-09-23,307115,not suspected of fraud
473855,2018-12-09,2018-12-28,2019-01-06,162714,not suspected of fraud
937759,2020-03-06,2020-03-12,2020-03-18,29135,not suspected of fraud
643408,2010-04-08,2010-04-15,2010-04-27,143624,not suspected of fraud
892162,2017-01-11,2017-01-26,2017-02-06,196623,not suspected of fraud
915826,2016-04-17,2016-05-06,2016-05-17,112844,not suspected of fraud
658690,2013-05-14,2013-06-01,2013-06-02,67815,not suspected of fraud
788254,2015-10-27,2015-11-04,2015-11-09,286865,not suspected of fraud
767478,2017-12-20,2018-02-13,2018-02-23,70360,fraud suspected
205894,2010-12-07,2011-01-21,2011-01-29,209434,not suspected of fraud
125576,2018-10-28,2018-11-29,2018-12-04,183941,not suspected of fraud
933878,2018-06-25,2018-08-04,2018-08-06,206196,not suspected of fraud
143800,2015-11-05,2015-12-20,2016-01-02,109719,not suspected of fraud
672444,2016-05-07,2016-06-24,2016-06-28,84408,not suspected of fraud
535557,2020-12-07,2021-01-20,2021-02-03,38839,not suspected of fraud
604325,2011-01-31,2011-03-23,2011-04-05,321476,not suspected of fraud
199355,2020-06-28,2020-08-09,2020-08-17,177100,not suspected of fraud
422475,2015-12-15,2016-01-25,2016-02-08,63598,not suspected of fraud
218304,2012-11-07,2013-01-03,2013-01-17,61550,not suspected of fraud
488504,2020-03-22,2020-04-02,2020-04-11,105825,fraud suspected
154955,2012-01-03,2012-02-07,2012-02-14,247508,not suspected of fraud
974283,2016-07-04,2016-08-19,2016-08-27,106982,not suspected of fraud
