policy_id,insurance_price,minimal_payout,maximal_payout,duration_of_policy
143958,100,10000,240111,117
258025,350,35000,191331,83
949683,50,5000,115457,249
298267,100,10000,424272,242
929389,200,20000,112840,54
836998,100,10000,325876,363
603215,350,35000,199272,240
629477,50,5000,488068,268
198429,150,15000,136928,345
239154,350,35000,296415,353
396050,100,10000,450081,41
296924,350,35000,366020,334
918777,350,35000,290951,359
568324,350,35000,369970,290
852985,100,10000,478867,161
958037,200,20000,375844,103
216861,100,10000,222323,249
883209,350,35000,230546,292
436693,200,20000,487165,104
867935,150,15000,296456,35
515229,350,35000,257018,26
433608,50,5000,374876,275
971883,100,10000,112862,217
894711,350,35000,467878,337
359746,350,35000,309156,339
541565,200,20000,127382,330
618593,350,35000,377473,135
135342,200,20000,460915,264
653829,350,35000,191624,146
699267,150,15000,363841,248
917610,100,10000,351530,29
667788,150,15000,493383,233
591530,100,10000,234867,129
562619,350,35000,448695,7
137532,350,35000,349541,339
447474,150,15000,473769,322
309858,100,10000,385144,207
592010,150,15000,341356,79
556189,50,5000,418388,352
500247,150,15000,357817,297
186075,350,35000,415846,332
275879,200,20000,375503,192
541857,350,35000,246826,238
144855,100,10000,248737,193
191507,100,10000,171729,177
630235,150,15000,143062,261
640270,200,20000,163556,323
816779,100,10000,262822,216
661931,150,15000,263253,253
282404,350,35000,108110,164
492893,50,5000,309315,307
142167,200,20000,255030,333
554221,100,10000,333328,342
794571,50,5000,198904,57
416760,350,35000,368898,186
388140,100,10000,114310,36
449759,150,15000,284035,316
995233,350,35000,205081,31
773421,100,10000,469046,268
292912,100,10000,338604,46
472077,50,5000,384416,232
166237,200,20000,258714,213
879194,200,20000,133602,326
958153,100,10000,339054,300
156892,150,15000,313430,145
426712,150,15000,174588,9
163651,50,5000,372739,25
975958,350,35000,395756,365
573575,350,35000,452796,20
347217,200,20000,387165,316
484789,200,20000,352291,78
996607,50,5000,320169,124
585041,100,10000,206431,175
528143,150,15000,240232,78
192109,200,20000,469837,65
969487,150,15000,477688,98
624286,100,10000,165122,96
350702,50,5000,122536,19
599976,100,10000,486298,365
349127,200,20000,112363,293
778916,150,15000,395965,121
219011,50,5000,331334,196
463061,350,35000,407842,190
911338,200,20000,470589,45
166950,150,15000,245746,31
577200,200,20000,460014,89
846987,100,10000,391554,240
369752,350,35000,296521,101
940635,200,20000,426378,17
611983,150,15000,345751,206
579142,350,35000,354774,161
544453,50,5000,151313,145
570599,50,5000,145468,271
648787,100,10000,461538,239
114048,350,35000,205362,333
329537,50,5000,214827,2
835886,350,35000,164206,309
374683,100,10000,405961,277
496547,50,5000,208241,229
276999,100,10000,208648,209
828670,50,5000,284050,186
704446,50,5000,433210,200
663877,350,35000,449090,278
225541,150,15000,397203,327
673976,200,20000,441245,29
613463,350,35000,101122,115
172277,150,15000,464979,12
866500,150,15000,290344,188
118995,350,35000,285750,257
657717,100,10000,209533,359
556452,350,35000,333872,333
240339,150,15000,444696,17
322298,100,10000,483898,117
649824,150,15000,322131,310
242455,150,15000,242175,82
385264,150,15000,354640,168
406034,100,10000,485529,297
200082,150,15000,435817,282
891618,100,10000,349988,205
446072,150,15000,359036,174
650300,100,10000,461313,99
772560,200,20000,180173,193
937663,100,10000,473805,77
358292,50,5000,174629,171
603249,200,20000,312374,56
523156,50,5000,406761,112
206968,200,20000,344964,158
466914,200,20000,113513,204
601669,100,10000,445861,261
832030,350,35000,122045,88
784522,50,5000,178671,290
793623,150,15000,422356,71
450648,50,5000,112732,200
665029,150,15000,207783,317
735422,350,35000,276174,311
708192,200,20000,342806,183
617569,150,15000,453023,245
841514,50,5000,396262,29
792890,200,20000,486865,330
618289,50,5000,151579,136
195719,50,5000,411552,11
538374,100,10000,327202,71
604044,50,5000,151536,184
430056,150,15000,274583,199
657969,100,10000,159190,1
739498,200,20000,210527,212
273114,150,15000,156211,125
114759,50,5000,373248,11
853699,100,10000,464206,27
166458,150,15000,123640,119
459655,100,10000,377866,259
288823,200,20000,457553,253
788055,350,35000,211293,108
832073,50,5000,328186,344
980148,200,20000,324429,323
416150,200,20000,346458,236
802978,150,15000,494866,56
886726,150,15000,112271,199
400392,150,15000,211569,162
346022,200,20000,111216,340
559380,150,15000,122118,313
701026,200,20000,198396,364
249036,200,20000,108383,55
238659,100,10000,196471,19
718000,100,10000,160419,198
889878,50,5000,266697,361
534510,200,20000,283346,32
361792,50,5000,287143,89
300940,350,35000,351787,39
545087,100,10000,214203,191
693842,350,35000,267707,269
564210,150,15000,426340,156
918143,200,20000,238295,143
793534,200,20000,104723,26
987328,150,15000,483744,180
238477,50,5000,450963,19
644310,50,5000,201324,161
965121,100,10000,274764,358
374078,100,10000,228639,100
804211,50,5000,465012,8
768265,350,35000,242325,59
931556,100,10000,170397,219
520918,200,20000,385906,109
933395,350,35000,189390,134
222164,150,15000,131430,2
629050,200,20000,202182,25
414706,100,10000,287663,112
191625,150,15000,411616,313
141039,50,5000,318954,138
598774,50,5000,471335,340
965408,200,20000,385000,332
294812,350,35000,285189,237
637591,50,5000,258854,106
149126,50,5000,172258,192
506340,350,35000,220754,232
121150,50,5000,315447,47
402127,150,15000,498356,224
708755,150,15000,329551,177
421494,350,35000,366424,273
749355,350,35000,462762,308
261365,350,35000,138324,93
400924,100,10000,147572,182
263548,350,35000,151510,129
464670,50,5000,148608,317
675386,350,35000,252409,64
918778,50,5000,367029,296
519741,50,5000,409095,157
262561,150,15000,271067,188
399844,350,35000,340428,165
534727,200,20000,236442,178
612237,150,15000,159076,57
428513,50,5000,324448,211
980164,100,10000,205594,30
199866,50,5000,380479,348
294456,100,10000,342289,320
618006,200,20000,438575,60
720225,150,15000,287860,117
468023,150,15000,117239,63
361012,50,5000,109517,86
747759,150,15000,418752,102
938838,200,20000,260991,278
899093,100,10000,269819,151
174907,50,5000,473551,253
156539,200,20000,477357,181
507143,100,10000,306722,290
757164,100,10000,118055,29
470699,200,20000,461603,126
668381,200,20000,137591,175
984077,150,15000,196056,187
843694,100,10000,193495,68
860374,50,5000,253141,222
234525,50,5000,181106,73
585598,50,5000,421962,55
603779,100,10000,177290,160
309095,350,35000,255300,303
878880,350,35000,255867,207
963609,350,35000,247936,10
737367,50,5000,313027,85
936147,200,20000,185895,72
555249,350,35000,280205,122
567397,350,35000,151496,223
709498,350,35000,183926,289
569153,50,5000,108085,139
916052,100,10000,308156,234
442373,100,10000,221108,325
740916,200,20000,236402,304
289065,350,35000,390271,97
195818,350,35000,470188,41
765364,100,10000,276677,58
609192,100,10000,295890,357
948771,200,20000,288263,290
759732,50,5000,370784,1
137905,150,15000,478366,109
642309,200,20000,305216,275
466497,50,5000,477056,187
290111,200,20000,306055,99
598818,50,5000,219008,56
543572,50,5000,387621,158
569044,100,10000,411643,95
675795,150,15000,271195,257
862394,200,20000,148018,357
497909,350,35000,394154,161
578407,200,20000,272819,326
423598,200,20000,379333,10
564876,150,15000,124495,99
304554,200,20000,420146,32
440826,200,20000,244039,359
831710,350,35000,111115,39
340658,100,10000,110939,62
531379,350,35000,342642,204
215736,100,10000,373968,118
285870,50,5000,276711,157
686687,100,10000,157564,352
120175,50,5000,218824,158
273475,200,20000,322623,344
506572,200,20000,356579,364
826052,50,5000,315220,269
233590,200,20000,480416,362
242632,200,20000,132360,181
556233,100,10000,178232,107
644323,50,5000,324809,170
814551,350,35000,396762,160
699589,150,15000,172891,91
201184,100,10000,474769,30
550663,200,20000,343876,155
265948,350,35000,137874,24
324183,350,35000,237340,43
911004,50,5000,341923,2
290209,100,10000,326912,98
991354,350,35000,382502,184
769298,100,10000,229169,22
364728,200,20000,137735,336
831241,350,35000,207872,187
903318,150,15000,369943,33
358141,50,5000,245995,326
825787,200,20000,125650,309
668507,100,10000,498483,226
817445,100,10000,234283,63
685746,350,35000,404386,279
167578,350,35000,472423,262
419294,350,35000,194460,323
975311,50,5000,354615,52
138601,150,15000,419175,218
848045,350,35000,418731,229
151245,350,35000,487867,1
452152,100,10000,359790,327
297202,100,10000,353429,129
499995,50,5000,219237,261
497670,350,35000,423846,154
705259,200,20000,181867,55
302318,200,20000,390287,352
533107,150,15000,337832,235
760673,150,15000,102683,329
537577,100,10000,138068,215
720490,100,10000,353614,119
325909,150,15000,406701,288
634919,350,35000,329486,305
364010,50,5000,151129,329
193459,350,35000,475857,116
795795,200,20000,240719,177
907070,50,5000,275174,261
623444,50,5000,233730,4
100801,200,20000,100382,247
420683,100,10000,442779,36
979167,50,5000,203417,362
793275,150,15000,240649,43
893505,50,5000,497020,197
808243,100,10000,197689,31
594829,350,35000,334623,260
971940,100,10000,123192,42
919015,150,15000,375604,176
116374,100,10000,391664,251
421227,200,20000,228166,338
964110,50,5000,485708,15
665440,150,15000,278474,123
698800,100,10000,309413,170
521443,50,5000,493186,68
828853,350,35000,121614,101
647499,50,5000,360130,266
840700,50,5000,473940,157
630405,150,15000,171526,191
426868,200,20000,364070,64
934898,350,35000,321887,161
595751,50,5000,210490,337
939234,150,15000,255704,131
873688,350,35000,303509,88
200937,50,5000,149916,106
569155,350,35000,227024,173
460004,200,20000,441901,100
748213,100,10000,138578,9
517622,200,20000,261443,318
104659,200,20000,434714,153
525119,350,35000,460669,156
642012,50,5000,271970,194
458940,350,35000,386159,142
632827,350,35000,476199,280
530384,350,35000,357632,195
897640,350,35000,346036,18
651152,200,20000,104587,344
804141,200,20000,108487,210
558741,50,5000,478008,22
612601,350,35000,327795,173
406926,150,15000,437494,261
111317,150,15000,413137,233
938604,100,10000,195430,267
191767,100,10000,490292,97
326821,150,15000,330754,335
813781,350,35000,175380,362
521899,350,35000,277862,40
685649,50,5000,227175,171
809302,200,20000,451376,145
854149,50,5000,447224,297
635787,50,5000,187856,156
820539,150,15000,271417,220
304990,50,5000,430728,165
612211,200,20000,328433,196
953171,200,20000,496601,281
819729,350,35000,434454,221
542597,150,15000,408574,105
264012,150,15000,478413,173
709716,50,5000,180040,284
143979,150,15000,135969,231
332735,150,15000,238418,301
709250,350,35000,383424,323
551785,350,35000,317510,223
927958,150,15000,121299,163
644171,50,5000,305482,56
284780,150,15000,403865,78
891852,150,15000,443530,78
773529,50,5000,319204,197
230542,50,5000,391216,84
565432,50,5000,497094,249
625418,200,20000,132001,24
926949,150,15000,276686,90
688492,350,35000,165946,255
618348,50,5000,351424,125
524514,200,20000,370365,271
561141,100,10000,303807,296
830425,150,15000,412514,246
462655,100,10000,396689,82
584856,350,35000,122040,22
483518,350,35000,249426,283
824871,50,5000,447390,160
611799,350,35000,212489,40
899023,100,10000,125535,51
727419,350,35000,394617,249
184579,200,20000,344110,72
912425,350,35000,493129,328
513575,150,15000,471528,358
578664,350,35000,366772,165
701716,50,5000,204548,152
252315,50,5000,245782,47
976784,350,35000,280518,267
533399,150,15000,187221,44
609743,200,20000,201408,253
256940,150,15000,174167,280
334007,150,15000,347594,130
425257,100,10000,207393,333
894590,350,35000,405632,353
597018,200,20000,315407,165
353343,200,20000,407918,11
247762,200,20000,311219,219
215919,200,20000,229564,215
123520,50,5000,490141,50
703043,50,5000,359051,29
757138,50,5000,269034,202
513598,50,5000,262203,306
292505,150,15000,308848,252
474540,350,35000,370701,120
800459,200,20000,205603,180
409412,200,20000,247494,214
980200,150,15000,409354,149
194747,100,10000,440112,251
543266,50,5000,415426,66
213772,350,35000,143248,165
266271,100,10000,463475,285
421932,350,35000,224282,131
600740,150,15000,416613,191
462203,50,5000,264147,134
420536,200,20000,357282,280
444438,100,10000,186220,149
449114,100,10000,384617,244
374888,150,15000,225954,10
804258,50,5000,225189,25
727464,100,10000,157285,65
247624,50,5000,385047,9
339252,100,10000,414125,18
959237,100,10000,305708,116
823378,50,5000,328112,144
484745,50,5000,146308,239
615902,350,35000,382343,249
275470,50,5000,198879,146
881194,50,5000,323584,63
241449,150,15000,386658,298
412035,150,15000,397349,178
623892,100,10000,273922,313
221229,100,10000,418146,348
194666,350,35000,314646,228
122417,50,5000,218802,282
991356,350,35000,371747,323
686677,100,10000,145653,104
367406,50,5000,421362,273
328268,200,20000,390936,243
229184,350,35000,226158,322
227815,50,5000,246972,160
593078,350,35000,132406,327
514242,100,10000,225840,299
623800,350,35000,158430,94
789953,150,15000,117690,181
671797,200,20000,141204,15
472781,50,5000,123177,324
960873,150,15000,442679,153
108441,200,20000,403416,19
904363,200,20000,474114,135
879461,50,5000,204393,167
848626,200,20000,285629,340
549724,100,10000,491346,149
561152,200,20000,234910,269
437996,150,15000,157064,106
567867,150,15000,314283,223
280413,50,5000,285975,235
157132,50,5000,272115,78
121750,100,10000,366910,341
741982,150,15000,223885,280
657498,100,10000,467851,14
350721,150,15000,348921,13
644988,50,5000,186612,215
424650,150,15000,300832,161
911098,200,20000,311904,234
722668,50,5000,364721,234
717201,150,15000,244145,67
861812,350,35000,342988,307
452935,150,15000,480763,274
632040,50,5000,292381,327
423157,350,35000,137419,131
309473,50,5000,326207,60
403639,350,35000,170011,84
182962,350,35000,317823,64
924144,50,5000,101294,52
341159,200,20000,255114,132
416208,100,10000,210069,299
860291,100,10000,289871,114
581602,50,5000,458068,204
697983,200,20000,457049,285
972435,100,10000,485700,21
330449,200,20000,358776,287
808008,200,20000,171224,341
533549,50,5000,488100,239
668487,50,5000,443979,176
843940,50,5000,326372,301
626429,150,15000,244067,28
627361,50,5000,118817,272
325312,150,15000,472859,42
401878,150,15000,300535,98
799360,200,20000,154812,273
549208,100,10000,106897,38
855862,350,35000,390342,207
454590,200,20000,374925,23
358905,200,20000,156761,334
367699,200,20000,310922,189
594187,100,10000,172483,39
325540,350,35000,385623,320
613378,200,20000,333556,222
512974,350,35000,284644,107
842355,150,15000,270743,337
367907,100,10000,405219,185
927949,350,35000,303036,115
341028,350,35000,489050,128
527174,100,10000,136790,112
575079,150,15000,102592,238
379851,150,15000,398095,50
589908,350,35000,144368,150
399116,200,20000,407598,96
959691,50,5000,455036,10
905645,50,5000,192586,169
621996,350,35000,491860,68
487736,100,10000,131441,87
103823,200,20000,110194,249
533034,350,35000,308838,187
641504,50,5000,495191,13
796815,150,15000,330971,80
126572,50,5000,485559,15
990776,150,15000,149000,343
719505,150,15000,470326,143
293674,150,15000,229043,189
694409,50,5000,105042,138
199738,200,20000,326422,321
426663,50,5000,239439,336
350235,350,35000,488036,243
102953,100,10000,323815,320
457795,350,35000,324863,19
776009,100,10000,221973,317
497700,200,20000,122024,266
236170,50,5000,395489,53
965389,150,15000,125505,120
849291,150,15000,265083,200
772663,100,10000,359833,295
533112,200,20000,277281,129
216455,350,35000,297836,358
693766,100,10000,283294,245
922645,350,35000,327486,47
287478,50,5000,256290,288
911214,350,35000,384393,151
935925,50,5000,358486,194
872300,50,5000,202771,54
297068,200,20000,280400,21
862086,200,20000,459973,170
776468,100,10000,341209,128
517900,350,35000,375497,156
476316,150,15000,365316,162
432864,100,10000,370718,330
140453,350,35000,282288,142
357748,350,35000,257938,5
432599,150,15000,231433,206
856808,100,10000,150297,340
865153,200,20000,366545,45
854468,50,5000,296376,127
488915,200,20000,167295,253
351986,350,35000,374664,304
678716,200,20000,466718,307
614314,200,20000,427825,301
148785,200,20000,295722,350
456021,50,5000,253132,364
780657,150,15000,249681,94
708418,350,35000,225548,17
544776,100,10000,264056,208
150359,200,20000,375214,118
486257,100,10000,102924,195
797040,50,5000,491546,112
266087,100,10000,410697,34
757412,100,10000,490006,241
699881,200,20000,416775,61
706946,150,15000,134898,209
861984,50,5000,338468,259
518554,200,20000,361572,99
923208,350,35000,369829,146
764304,100,10000,426573,41
630757,200,20000,342008,365
489635,100,10000,309545,127
488037,350,35000,180150,124
172766,200,20000,472474,26
628494,50,5000,289669,145
825140,150,15000,305300,165
712678,350,35000,346407,213
184505,100,10000,272382,64
294395,200,20000,471290,356
515577,200,20000,105915,193
459460,100,10000,184409,237
776021,350,35000,406421,289
860215,150,15000,295380,338
261218,350,35000,196349,137
614618,150,15000,124156,212
274147,50,5000,329618,357
296670,50,5000,461923,146
118147,50,5000,255048,91
489792,200,20000,230933,138
105577,150,15000,159483,308
207577,200,20000,241713,302
513795,100,10000,410462,37
390955,200,20000,375882,100
193550,350,35000,361517,179
773045,50,5000,188119,344
977273,150,15000,181838,128
817203,50,5000,442677,188
434705,150,15000,437272,280
884495,100,10000,353120,44
553308,50,5000,467018,80
931557,50,5000,142357,71
233734,350,35000,208876,86
790188,150,15000,344642,147
946926,50,5000,222388,362
384921,350,35000,459100,145
901088,150,15000,127491,223
433565,100,10000,171570,300
428043,200,20000,419278,111
715737,200,20000,386135,324
470973,100,10000,157777,204
369120,100,10000,151008,238
682961,350,35000,251977,32
829821,100,10000,359654,289
281705,50,5000,211781,233
707174,150,15000,418237,14
574711,50,5000,318087,212
943325,150,15000,183807,129
437272,350,35000,193169,328
111384,350,35000,352055,226
648995,200,20000,162806,217
118019,150,15000,371862,317
662634,200,20000,117419,129
385957,100,10000,242959,265
773475,150,15000,143275,152
229353,350,35000,288420,346
102579,100,10000,196164,307
442312,200,20000,266984,39
819239,350,35000,185927,12
587982,200,20000,255472,31
738238,150,15000,242956,271
317544,350,35000,492293,33
977789,200,20000,223623,253
427119,350,35000,139368,316
847716,100,10000,225235,239
814130,50,5000,127033,149
849060,200,20000,303224,331
393456,350,35000,426922,153
437597,50,5000,202111,248
589554,50,5000,297946,327
706969,150,15000,297356,286
733658,50,5000,391010,119
866636,200,20000,185233,157
217670,200,20000,321868,78
671623,350,35000,321329,271
520487,50,5000,375826,321
228586,150,15000,379313,346
245053,100,10000,235711,125
831460,100,10000,464517,150
882955,150,15000,139457,259
553363,150,15000,432491,230
586982,200,20000,128625,171
649840,100,10000,442567,291
811801,100,10000,374515,261
686971,50,5000,152033,2
309373,150,15000,356416,293
397336,100,10000,319285,221
898592,200,20000,160448,279
821333,100,10000,324011,3
767635,100,10000,451686,43
182395,200,20000,498950,267
867062,100,10000,480860,215
101006,350,35000,412461,70
555245,200,20000,110783,12
215191,100,10000,125034,303
492053,350,35000,204605,93
825191,150,15000,106746,201
184672,100,10000,383174,310
420938,200,20000,244324,72
842619,50,5000,429996,119
315775,200,20000,475929,268
527680,100,10000,172124,315
982721,100,10000,434990,285
292958,150,15000,325029,334
869714,350,35000,135354,75
359121,100,10000,319213,194
866503,50,5000,475907,98
196752,50,5000,274651,150
864262,150,15000,202946,85
913451,200,20000,322113,123
182157,150,15000,371875,19
767072,50,5000,432005,186
404334,100,10000,149214,47
293311,200,20000,269726,77
454172,50,5000,285357,15
910637,50,5000,382357,94
147813,200,20000,238098,208
800005,150,15000,168973,73
282037,150,15000,377756,42
548456,350,35000,342966,37
183954,50,5000,304989,41
238864,150,15000,210098,294
561874,150,15000,260471,294
380725,100,10000,271079,50
904011,100,10000,310042,53
120166,150,15000,216316,161
944652,150,15000,294162,22
848698,150,15000,460886,96
791146,50,5000,308472,152
545453,150,15000,256576,170
896221,150,15000,459292,125
710514,200,20000,386707,41
383490,350,35000,486124,37
685485,100,10000,322949,187
944077,150,15000,139786,337
556450,350,35000,298445,89
141752,100,10000,186591,318
625716,100,10000,466632,187
671153,100,10000,256532,255
662636,150,15000,136610,46
730406,350,35000,420909,281
210889,50,5000,187487,73
735117,150,15000,397266,150
217346,100,10000,349786,205
294794,100,10000,182181,130
572671,200,20000,476256,96
791699,50,5000,393498,156
545796,100,10000,225090,221
844261,100,10000,281166,35
549642,200,20000,342541,216
238652,100,10000,470864,323
340047,350,35000,457535,94
646819,200,20000,123460,8
703979,350,35000,326080,96
730155,150,15000,155733,312
204406,200,20000,405252,328
800891,200,20000,273639,334
594680,100,10000,274552,213
266966,100,10000,152827,246
486698,50,5000,187708,6
472458,350,35000,336831,34
968851,200,20000,371981,218
179371,50,5000,302572,209
537483,50,5000,263389,157
688981,100,10000,257760,365
443120,50,5000,182236,239
579356,350,35000,411102,354
946446,50,5000,267811,68
337481,50,5000,405483,148
748690,150,15000,257814,345
757547,50,5000,168038,120
259879,50,5000,174623,54
666068,100,10000,168939,204
989401,350,35000,117535,127
640774,50,5000,250778,263
262678,100,10000,246040,103
916536,350,35000,107085,96
658784,200,20000,459416,261
241642,200,20000,203864,142
511748,350,35000,486088,45
399622,200,20000,189364,151
529870,100,10000,432927,246
294830,100,10000,461861,326
230575,200,20000,484788,75
594249,350,35000,251215,276
181217,350,35000,309847,19
520769,150,15000,139109,208
998221,350,35000,174788,90
388018,350,35000,459342,295
536990,200,20000,191702,204
188048,150,15000,380422,281
800823,150,15000,317445,250
139958,200,20000,427452,64
774532,150,15000,136986,206
167940,350,35000,406702,225
394403,50,5000,394202,192
675726,50,5000,280020,123
302852,50,5000,117302,253
893085,50,5000,493277,59
789899,50,5000,420198,223
994700,150,15000,458421,350
427912,350,35000,134697,262
936723,100,10000,454311,169
251255,100,10000,471428,222
494533,200,20000,197796,185
710171,100,10000,319025,74
695000,50,5000,203646,316
145650,150,15000,216216,202
433850,150,15000,211470,359
726552,100,10000,431661,40
280008,50,5000,196071,136
727112,100,10000,210396,155
733687,350,35000,300721,80
724270,50,5000,154645,33
294563,350,35000,415866,285
996509,150,15000,111066,81
422738,350,35000,471192,16
315033,50,5000,358409,214
468504,50,5000,158701,351
469414,50,5000,369044,163
236788,100,10000,233336,9
316401,100,10000,450787,52
768157,200,20000,474031,315
126272,200,20000,297267,47
138813,200,20000,105378,277
572263,50,5000,162312,289
590135,50,5000,157885,203
781107,200,20000,452940,91
249916,50,5000,151657,21
453065,350,35000,175622,229
225055,200,20000,488742,95
811406,150,15000,397979,250
206181,50,5000,141901,56
851452,50,5000,232023,312
330729,50,5000,298393,311
659864,50,5000,378561,56
433768,200,20000,366705,318
987705,200,20000,146277,87
443571,350,35000,239742,141
815813,100,10000,172903,296
249088,150,15000,313086,91
649879,100,10000,134893,68
338582,150,15000,411088,148
354776,350,35000,469733,127
102689,200,20000,217438,81
719753,200,20000,331398,359
439826,100,10000,199647,297
191586,100,10000,310016,208
579833,150,15000,412928,70
924575,100,10000,293119,162
570791,350,35000,117174,136
134326,200,20000,400067,226
383389,350,35000,144791,192
683878,50,5000,346845,127
233096,350,35000,348518,187
486938,150,15000,353649,142
779515,100,10000,224154,203
307266,50,5000,430195,91
205078,200,20000,350675,177
584824,50,5000,468259,46
146029,100,10000,126799,301
829885,100,10000,384661,31
181932,150,15000,310069,354
907018,50,5000,147578,341
309945,100,10000,456754,210
442900,100,10000,477305,360
309077,350,35000,132915,347
679309,350,35000,363213,125
625978,150,15000,165433,267
586300,150,15000,269622,302
707462,350,35000,175420,17
348451,150,15000,170567,1
551006,150,15000,315866,252
405248,200,20000,241192,119
621917,350,35000,496497,177
545496,100,10000,444523,43
602664,50,5000,291972,104
709292,350,35000,110810,132
510722,200,20000,156911,97
190965,50,5000,483908,182
433580,150,15000,476919,233
466871,200,20000,290474,138
228771,50,5000,321974,88
149494,50,5000,268261,212
171876,150,15000,450040,12
616485,50,5000,329553,51
761431,350,35000,323944,121
429758,150,15000,302693,106
493216,150,15000,297455,186
271408,200,20000,489768,352
294118,100,10000,103116,246
674673,50,5000,349586,126
669736,150,15000,429793,52
301499,100,10000,351075,83
431681,200,20000,487461,96
331835,350,35000,213166,302
903254,50,5000,432621,153
892029,200,20000,364988,14
860684,50,5000,381403,161
626194,150,15000,496146,339
641182,50,5000,271512,239
846176,100,10000,188570,360
786677,350,35000,201692,233
723887,100,10000,100119,6
254235,200,20000,397429,71
905520,100,10000,153805,201
407331,100,10000,364061,202
971075,350,35000,434800,19
234580,100,10000,494311,17
808834,150,15000,461182,228
515609,50,5000,208676,328
897689,50,5000,394673,187
715635,150,15000,163309,99
287750,200,20000,288115,40
826749,350,35000,381206,64
529351,150,15000,293258,235
269706,350,35000,486796,110
979412,50,5000,469284,79
322166,100,10000,309987,56
474380,100,10000,115421,229
879375,50,5000,204736,99
769868,50,5000,466902,150
154070,150,15000,120096,338
196362,150,15000,388707,365
309482,100,10000,322700,34
498100,200,20000,361123,64
393609,200,20000,287432,339
184588,100,10000,383988,188
282163,50,5000,304804,329
744339,100,10000,499933,135
690223,100,10000,155378,12
289317,200,20000,473859,190
339353,150,15000,192357,84
643142,50,5000,494937,130
176953,200,20000,401047,2
511538,50,5000,271004,309
817599,50,5000,358864,69
599299,350,35000,453895,90
926885,150,15000,180761,271
318365,350,35000,293061,319
348156,200,20000,194755,61
311888,50,5000,198477,9
395372,200,20000,406391,86
842496,50,5000,230971,57
918523,350,35000,368644,349
845429,150,15000,304428,13
421912,200,20000,201951,263
657186,150,15000,180154,207
652653,50,5000,235181,72
496609,200,20000,106600,26
518980,150,15000,449557,174
321846,50,5000,482543,71
570716,50,5000,373823,357
363896,150,15000,466803,297
705303,150,15000,248205,277
637432,350,35000,436507,186
307483,200,20000,455969,359
863401,350,35000,477697,134
153944,50,5000,237133,115
293826,150,15000,213636,192
755007,200,20000,316197,201
551403,100,10000,352704,120
473065,200,20000,358027,101
982628,200,20000,275538,170
280258,50,5000,460966,59
277039,150,15000,147022,187
568195,100,10000,404338,318
713542,200,20000,345704,26
508877,200,20000,234646,28
220856,350,35000,349278,105
814609,100,10000,358246,122
442678,200,20000,255576,51
113256,150,15000,349460,246
159469,200,20000,222553,13
911949,200,20000,104833,23
464647,200,20000,187271,355
991777,200,20000,272730,59
851325,350,35000,409417,17
329842,350,35000,171583,236
858903,350,35000,409315,14
564584,150,15000,263755,272
992718,150,15000,270133,98
256477,50,5000,333068,184
722934,100,10000,366195,151
876826,100,10000,336141,98
380898,200,20000,263760,196
171980,200,20000,276114,65
742436,50,5000,474661,225
861162,150,15000,338348,57
488062,50,5000,213473,152
362605,150,15000,361038,120
160347,50,5000,237127,122
716943,100,10000,271179,315
964187,350,35000,220457,176
970046,350,35000,105997,151
836685,350,35000,449436,200
507832,50,5000,473964,197
757169,50,5000,351116,88
169321,200,20000,172651,347
878080,200,20000,298878,33
173281,350,35000,418956,37
469749,50,5000,198224,328
942990,50,5000,221550,15
827489,200,20000,228681,26
589668,200,20000,299822,32
522279,200,20000,254646,320
677955,350,35000,372517,76
299545,150,15000,486349,6
160796,50,5000,424551,151
221758,100,10000,285610,344
240957,350,35000,246876,313
939616,200,20000,447762,131
595330,100,10000,434242,24
127646,100,10000,244491,280
282769,150,15000,425034,35
524214,50,5000,283009,312
742302,200,20000,294451,248
496286,150,15000,195344,164
738767,50,5000,386112,301
219203,50,5000,293599,215
130288,350,35000,263670,343
136706,100,10000,489211,31
621717,350,35000,204039,258
531830,50,5000,330610,292
104007,50,5000,260686,271
533877,100,10000,347511,254
651662,200,20000,357895,364
245741,200,20000,464400,170
194290,50,5000,241090,340
942906,50,5000,360860,133
354381,100,10000,392190,194
453426,200,20000,242646,355
397564,50,5000,317277,169
743412,150,15000,158935,126
626191,200,20000,224427,280
756678,100,10000,110731,300
130353,200,20000,358452,268
851828,150,15000,292408,189
271905,50,5000,457371,193
472112,50,5000,374133,19
411809,350,35000,436468,59
832986,350,35000,162104,89
817284,50,5000,214400,109
996646,350,35000,380613,111
217569,200,20000,407744,86
215122,50,5000,379532,348
470556,100,10000,296163,143
381609,100,10000,277486,74
201155,100,10000,445409,255
445997,100,10000,449390,95
680325,200,20000,137793,284
113335,150,15000,366323,355
992650,150,15000,233673,203
602653,50,5000,264158,114
143143,50,5000,330280,215
151838,50,5000,259529,242
395934,350,35000,416667,132
685936,100,10000,218621,3
703938,350,35000,442439,16
269156,200,20000,431294,82
290321,150,15000,333747,157
591364,350,35000,336416,225
947106,100,10000,368006,108
942923,200,20000,429461,141
139386,100,10000,429021,263
904882,50,5000,132624,59
833548,200,20000,167135,347
870004,200,20000,464805,74
904005,50,5000,140625,365
319273,350,35000,188454,345
412008,350,35000,239471,35
678086,150,15000,463751,252
724840,50,5000,245726,280
939885,50,5000,163714,39
946002,50,5000,266547,91
594513,200,20000,347556,145
177064,50,5000,376092,182
996065,100,10000,135638,134
181399,350,35000,144382,110
719997,100,10000,469031,210
432288,350,35000,394110,291
684234,200,20000,482986,217
898412,100,10000,368933,66
150239,150,15000,236081,194
930551,350,35000,372800,72
765259,150,15000,155218,143
944403,100,10000,308493,75
517527,350,35000,144183,247
308585,50,5000,137281,168
949926,100,10000,483765,159
459634,350,35000,493865,352
578667,150,15000,289155,329
275157,350,35000,475782,178
817941,350,35000,284084,110
210740,50,5000,418173,285
896465,200,20000,299532,61
982493,150,15000,354728,127
601407,50,5000,492625,21
765629,100,10000,249190,179
197668,150,15000,466951,315
892026,150,15000,213267,182
124945,350,35000,390300,101
848039,350,35000,333959,47
414737,150,15000,213837,118
562393,100,10000,110979,128
883884,50,5000,283504,263
496694,150,15000,355186,122
417174,150,15000,373319,213
718339,100,10000,405576,154
914934,200,20000,201862,171
965068,50,5000,256465,95
350669,50,5000,451050,65
928711,100,10000,320977,96
591468,350,35000,316707,201
293173,350,35000,153843,149
133797,200,20000,333641,286
685217,50,5000,393048,118
452648,100,10000,410332,74
151154,350,35000,468687,306
741403,100,10000,460463,332
104837,100,10000,153608,229
194983,50,5000,135134,172
840186,350,35000,316201,41
698558,100,10000,184348,111
496924,150,15000,259786,48
982414,100,10000,441444,266
568616,350,35000,355883,36
401421,50,5000,192047,334
430273,150,15000,322991,296
644528,50,5000,252157,7
123409,200,20000,403882,163
393467,50,5000,379835,46
554307,50,5000,417586,67
341649,150,15000,393206,345
389830,150,15000,108826,339
759285,150,15000,487697,316
401906,50,5000,358921,328
128389,150,15000,457393,148
425232,350,35000,352800,248
156394,50,5000,481486,238
822088,150,15000,479962,140
288179,100,10000,199852,310
191746,100,10000,115425,111
287093,50,5000,351866,241
311031,50,5000,265084,246
751441,100,10000,339036,214
824229,350,35000,316132,315
467111,50,5000,334149,109
909918,350,35000,497518,245
943698,50,5000,222399,274
437760,150,15000,344886,234
899959,50,5000,292560,241
622139,200,20000,368123,303
143255,350,35000,276986,282
971553,50,5000,498425,192
581285,50,5000,190651,158
947142,50,5000,341324,105
585380,150,15000,256389,246
734138,200,20000,387146,125
890686,50,5000,162549,326
913801,100,10000,340576,128
881265,50,5000,204163,358
862689,150,15000,147598,339
345901,200,20000,301542,49
719117,50,5000,135733,33
753351,150,15000,283794,118
316490,200,20000,177457,329
209689,200,20000,367743,181
879707,50,5000,486339,359
226073,100,10000,189231,273
669250,350,35000,479019,85
890966,150,15000,100695,287
772111,100,10000,282606,280
905611,150,15000,161098,28
315614,200,20000,378746,208
757146,150,15000,209228,88
249556,350,35000,474220,255
850708,150,15000,333857,345
558853,150,15000,433433,263
228828,150,15000,110512,359
695766,350,35000,407975,194
630051,150,15000,245221,47
944540,350,35000,116622,236
809185,200,20000,385229,309
696102,200,20000,169091,304
998846,350,35000,189930,265
665664,100,10000,151756,321
527421,350,35000,264160,158
859771,200,20000,486564,153
528594,350,35000,195520,83
419711,350,35000,468296,175
681938,350,35000,465261,140
702356,50,5000,214349,156
364680,350,35000,264201,324
504061,350,35000,358675,359
402616,350,35000,487059,358
714165,50,5000,131247,310
938256,100,10000,467014,61
126393,50,5000,180563,39
953320,50,5000,146455,308
499445,150,15000,462411,94
453653,200,20000,182239,284
655933,100,10000,399119,169
965526,100,10000,499853,138
110055,50,5000,348082,67
276453,100,10000,431483,206
794302,100,10000,196974,93
960169,50,5000,223243,97
251055,50,5000,453541,120
581060,50,5000,187770,320
313103,350,35000,160244,73
779357,350,35000,188600,110
222193,200,20000,452589,262
230723,100,10000,204990,289
857863,200,20000,342519,320
142240,200,20000,269798,228
434930,350,35000,387284,285
250601,50,5000,281231,122
868920,350,35000,348026,357
905335,200,20000,163995,92
872587,150,15000,332152,242
360193,100,10000,311665,299
604169,350,35000,246489,60
631191,50,5000,315426,357
752979,200,20000,228120,227
445771,50,5000,124324,102
315085,100,10000,433020,258
390463,350,35000,359466,241
806182,150,15000,432229,315
839242,200,20000,157508,263
814743,50,5000,178775,265
562180,100,10000,278570,51
372745,150,15000,338529,143
926555,150,15000,156594,213
847519,350,35000,111560,83
657610,200,20000,427961,197
314721,350,35000,351086,279
325108,100,10000,492429,178
859702,350,35000,109177,189
270006,350,35000,127798,282
576710,50,5000,179708,158
682512,200,20000,265474,199
457850,150,15000,454576,228
257356,350,35000,464867,272
825633,200,20000,125842,207
490830,200,20000,386855,89
125789,50,5000,439203,297
829148,150,15000,342476,271
612959,200,20000,363348,215
827676,150,15000,481257,318
102022,100,10000,204379,256
465322,350,35000,375493,202
108625,150,15000,382972,77
375008,150,15000,346406,8
368387,200,20000,446658,287
435389,100,10000,397149,295
734945,50,5000,477143,69
256503,100,10000,356516,292
514676,50,5000,464204,117
303443,350,35000,112374,39
777789,200,20000,338564,120
178531,350,35000,492406,233
240299,150,15000,473948,76
602700,200,20000,197278,27
847496,100,10000,386755,333
142571,150,15000,221994,191
434581,50,5000,198465,104
928062,150,15000,200607,66
651363,150,15000,228378,190
548602,350,35000,163497,111
233843,350,35000,464975,273
111920,50,5000,195597,337
426248,50,5000,303404,156
424125,150,15000,347388,195
827828,350,35000,120335,136
218915,100,10000,109051,279
624805,350,35000,475060,158
737625,200,20000,249570,325
530224,50,5000,430325,343
135000,350,35000,270209,161
381267,350,35000,483320,58
859721,100,10000,133969,33
802854,100,10000,451935,277
194454,100,10000,405422,61
282643,350,35000,493600,289
750649,50,5000,113226,94
951076,100,10000,287556,33
750243,100,10000,141796,20
499991,150,15000,157128,275
537383,50,5000,424579,225
357916,150,15000,133656,124
640864,150,15000,166236,32
959732,150,15000,118931,59
879055,150,15000,317433,160
465764,350,35000,178252,270
724571,350,35000,219221,173
133080,50,5000,358132,291
559625,100,10000,209802,232
315792,350,35000,293303,271
285660,100,10000,124710,360
321483,100,10000,133838,324
329257,350,35000,344510,313
340068,200,20000,395418,90
572209,100,10000,130062,82
556662,200,20000,249408,267
294036,50,5000,173896,264
928564,150,15000,169016,41
852038,200,20000,389359,233
969155,100,10000,313247,113
105988,350,35000,452075,4
310414,100,10000,465907,239
928450,350,35000,263715,208
769459,150,15000,260108,167
728248,50,5000,112026,230
740119,100,10000,220500,257
520146,50,5000,318475,131
524715,200,20000,196395,290
850345,350,35000,202774,330
278557,50,5000,156352,57
235720,100,10000,467772,40
305460,200,20000,225764,83
643570,200,20000,423563,136
283735,100,10000,277450,27
548724,200,20000,183204,254
243894,350,35000,173551,71
100327,350,35000,285112,51
697287,50,5000,187938,319
166710,200,20000,168522,151
563198,200,20000,497917,21
841497,50,5000,247895,350
920262,200,20000,459231,53
315266,150,15000,396232,312
234399,100,10000,223396,354
537523,200,20000,296101,228
420836,50,5000,192315,258
624924,200,20000,156438,324
153953,100,10000,262166,210
555257,200,20000,335368,94
211102,350,35000,293401,142
523598,200,20000,107476,45
929961,50,5000,409685,334
939272,100,10000,162145,43
104685,350,35000,217622,315
578967,50,5000,263336,38
241806,200,20000,107974,112
966924,200,20000,328404,61
257265,150,15000,343044,88
254967,50,5000,245481,59
408732,200,20000,386653,160
589005,150,15000,145805,111
214027,50,5000,136590,211
125512,150,15000,376153,324
722862,150,15000,364190,318
730933,200,20000,180367,359
881106,50,5000,185739,3
792019,150,15000,233524,211
287364,150,15000,162707,298
694697,350,35000,421727,256
959991,50,5000,383038,138
526737,350,35000,492488,188
172749,150,15000,330181,240
759446,150,15000,238668,46
986158,150,15000,433021,364
310685,150,15000,204362,348
151776,100,10000,498004,181
661256,200,20000,317790,22
315000,50,5000,180364,100
424653,200,20000,249578,81
598313,50,5000,369246,263
282234,350,35000,375531,72
601315,350,35000,291325,108
272491,150,15000,467544,357
419528,200,20000,282371,4
374066,50,5000,129090,324
286405,350,35000,495446,47
509735,150,15000,119606,215
618738,100,10000,386912,45
302034,200,20000,258396,211
867476,350,35000,435112,211
972566,200,20000,376821,26
903895,50,5000,375947,296
974504,350,35000,247552,336
434347,100,10000,323548,267
131992,350,35000,465098,145
690482,100,10000,417495,64
967511,100,10000,446086,345
204655,200,20000,318897,85
958667,200,20000,248371,203
737810,100,10000,256900,61
585250,100,10000,424554,46
202311,150,15000,450019,260
273020,350,35000,205579,222
656747,200,20000,403414,106
265591,350,35000,452409,23
172297,200,20000,424141,188
144828,200,20000,454052,249
111140,50,5000,431867,80
553075,100,10000,495179,260
730607,100,10000,165609,76
635217,350,35000,156652,203
911206,50,5000,111447,47
943779,150,15000,311654,215
578050,100,10000,316291,95
454514,150,15000,174842,92
440770,200,20000,348633,184
676093,350,35000,409925,279
398531,150,15000,459954,155
416389,200,20000,458974,279
745581,50,5000,369289,365
379132,50,5000,100701,42
229410,150,15000,188296,246
553996,350,35000,460767,147
584259,100,10000,335731,287
348522,50,5000,386359,284
798484,350,35000,316559,217
759259,200,20000,370306,308
594885,150,15000,432468,303
173061,100,10000,302708,102
810636,50,5000,464853,133
258869,150,15000,459653,86
150132,100,10000,192923,316
315351,50,5000,157719,88
158536,150,15000,226733,362
584533,150,15000,421641,33
366312,100,10000,409090,44
877453,100,10000,195422,323
243674,150,15000,230709,250
701729,350,35000,470093,82
398249,200,20000,443958,205
453779,350,35000,326443,98
804423,100,10000,357725,254
176840,350,35000,430323,191
981691,50,5000,301262,163
831374,50,5000,398754,157
210924,350,35000,222850,36
602661,200,20000,290366,273
628189,100,10000,499350,42
866070,350,35000,485510,209
874385,150,15000,209913,31
481858,150,15000,427871,73
883346,100,10000,303428,287
692953,150,15000,117005,240
139983,50,5000,200681,135
503845,350,35000,335069,98
864634,150,15000,141129,116
522552,350,35000,480591,351
702704,100,10000,371182,27
683699,150,15000,318155,221
572510,200,20000,120382,25
138379,100,10000,183487,17
980298,100,10000,232564,24
884823,200,20000,291328,257
259399,350,35000,110182,273
405427,100,10000,179660,57
264432,100,10000,149421,119
892486,50,5000,375011,68
489627,200,20000,359817,127
426511,200,20000,474115,343
326608,350,35000,290024,79
531508,50,5000,470247,7
528267,200,20000,165747,166
241266,200,20000,350991,297
827199,200,20000,105832,110
562031,350,35000,229217,27
555556,50,5000,196791,287
277620,150,15000,300692,256
790194,50,5000,495682,129
226595,50,5000,185553,231
240679,50,5000,407773,317
106903,350,35000,269702,55
657965,150,15000,420671,129
986384,200,20000,146664,347
590776,200,20000,215225,117
720394,50,5000,163462,65
794215,350,35000,312001,169
698995,50,5000,409378,144
539061,200,20000,209070,335
220109,350,35000,381934,349
183962,350,35000,406204,82
393765,150,15000,479620,145
346091,150,15000,348102,151
534249,200,20000,270864,80
781694,200,20000,171288,239
118621,350,35000,259028,65
305944,350,35000,456974,59
232826,150,15000,460354,224
109832,150,15000,335116,290
613916,350,35000,124817,235
333393,350,35000,270333,160
139866,150,15000,181031,289
832612,50,5000,103408,173
844172,50,5000,158882,253
273328,100,10000,413227,120
709558,50,5000,154830,6
930351,50,5000,231049,341
651733,100,10000,118815,309
695607,150,15000,300000,18
886765,350,35000,198833,199
556894,200,20000,346628,36
922834,200,20000,224016,97
515992,350,35000,189655,78
660106,50,5000,158143,250
790520,100,10000,101811,10
374566,200,20000,292425,30
160985,50,5000,132602,41
511467,50,5000,229181,264
247021,150,15000,126635,342
109111,50,5000,401430,121
761226,50,5000,329137,150
286958,50,5000,462738,31
117047,100,10000,492058,239
733398,200,20000,151087,180
842869,350,35000,202801,297
957123,50,5000,480353,5
586650,200,20000,223008,120
818283,150,15000,228403,277
312453,50,5000,227115,129
193729,100,10000,131352,44
419655,350,35000,487755,69
711796,150,15000,400137,82
325183,150,15000,487322,327
154920,350,35000,179923,352
214540,350,35000,371173,165
944520,350,35000,393662,158
290289,200,20000,222769,314
434722,50,5000,211062,28
735270,150,15000,105950,274
172882,200,20000,409551,184
662583,200,20000,351957,359
596827,100,10000,384638,247
685778,100,10000,480376,33
978069,350,35000,273322,76
573852,100,10000,469221,272
426561,100,10000,416521,261
644098,100,10000,418516,69
382302,350,35000,455924,257
875543,350,35000,323971,326
300329,200,20000,392892,107
677150,100,10000,311707,65
362319,350,35000,149010,166
104070,50,5000,464867,141
156662,50,5000,472674,268
730534,50,5000,300935,242
232785,100,10000,161506,63
626572,200,20000,425656,342
490855,50,5000,324794,289
732552,200,20000,286662,40
508358,150,15000,374589,253
849161,50,5000,432379,275
764307,150,15000,289151,172
680910,350,35000,242309,223
160867,350,35000,401807,279
497232,350,35000,233279,316
313961,100,10000,161995,120
445550,350,35000,341293,51
265445,350,35000,298719,92
187207,350,35000,134813,68
227960,200,20000,348049,211
367623,100,10000,398838,173
963220,100,10000,151481,264
718376,200,20000,121218,244
472359,350,35000,110113,22
679816,50,5000,330751,71
196883,350,35000,229885,260
441123,50,5000,434226,247
830789,150,15000,362335,55
614308,50,5000,451720,39
187444,50,5000,137380,123
366167,200,20000,134267,241
639820,100,10000,386176,177
862327,100,10000,130815,267
477703,200,20000,317372,78
773257,200,20000,316241,142
701707,150,15000,401727,219
410946,50,5000,376290,240
317893,100,10000,412379,156
468510,200,20000,176565,182
984381,350,35000,378251,260
527828,200,20000,138784,279
796240,100,10000,444065,110
314905,50,5000,148514,61
103018,50,5000,161951,364
284340,350,35000,453555,162
827180,100,10000,351327,65
684464,100,10000,305976,192
335701,150,15000,271455,43
202523,150,15000,379445,286
271598,150,15000,227711,173
986480,200,20000,157487,133
102949,50,5000,107419,156
797693,50,5000,431798,251
448697,100,10000,189200,328
572738,150,15000,493798,247
764485,150,15000,264906,337
982587,200,20000,177408,146
400197,350,35000,456540,138
177098,350,35000,267473,28
817486,200,20000,199745,37
181593,100,10000,200330,219
639733,350,35000,224493,43
616820,150,15000,201443,235
220205,100,10000,307019,25
732214,150,15000,381049,224
240659,100,10000,209328,285
673624,150,15000,244786,159
753330,100,10000,296955,270
956235,50,5000,446351,259
657034,100,10000,318795,136
955072,50,5000,384020,252
899616,150,15000,267919,176
772117,100,10000,385769,17
281097,100,10000,109337,218
380006,200,20000,219695,191
878348,200,20000,212954,306
504039,350,35000,242221,173
967791,350,35000,472482,68
757180,350,35000,206995,98
473801,200,20000,417200,9
651341,200,20000,477048,286
302749,350,35000,437954,349
202423,200,20000,195945,246
700447,50,5000,251829,257
972456,350,35000,467375,189
146887,150,15000,477059,180
535111,100,10000,155855,184
941835,350,35000,109371,328
148931,150,15000,337730,285
525379,350,35000,394011,241
171805,100,10000,493339,181
687258,100,10000,351367,205
416718,50,5000,444471,350
976573,200,20000,379430,19
956767,350,35000,311145,218
319271,200,20000,175054,354
230081,150,15000,113948,181
175735,50,5000,140068,74
880115,200,20000,347189,193
347025,100,10000,333676,312
857596,100,10000,439049,333
508709,50,5000,254216,190
704513,150,15000,265432,275
357364,150,15000,482268,102
583339,350,35000,319529,38
308895,200,20000,423481,291
722987,100,10000,103035,100
711976,350,35000,124947,258
109445,150,15000,244210,142
752344,200,20000,322718,212
952121,350,35000,150104,326
135234,200,20000,168791,111
884538,350,35000,462762,312
837246,100,10000,267980,40
109402,150,15000,304579,350
801664,350,35000,274875,311
565981,350,35000,197843,86
731826,350,35000,181869,297
135495,150,15000,402262,126
729037,150,15000,487867,106
356371,350,35000,327501,202
435016,350,35000,239700,162
537493,200,20000,306986,271
382285,100,10000,244912,285
444013,350,35000,166683,241
368943,200,20000,269715,113
393681,350,35000,272709,28
741578,50,5000,333387,229
460129,50,5000,296254,236
811215,100,10000,306606,128
860972,100,10000,476557,86
771824,150,15000,337933,43
510051,200,20000,171706,335
642768,350,35000,289336,44
724530,50,5000,246866,66
207467,50,5000,472414,348
412062,150,15000,328640,178
228373,50,5000,295639,113
849416,150,15000,467852,235
134631,350,35000,327606,154
119882,350,35000,199156,108
506721,100,10000,441960,124
338367,200,20000,199895,316
604645,100,10000,275441,286
829153,50,5000,167911,158
492002,50,5000,193501,36
970117,50,5000,173806,66
453281,50,5000,459981,222
432725,200,20000,310615,162
502165,200,20000,164059,174
914370,150,15000,153292,211
381641,350,35000,226969,280
804268,50,5000,106248,179
204875,100,10000,413872,115
919447,100,10000,143230,314
425826,350,35000,184802,119
256753,200,20000,387681,300
375270,200,20000,299555,44
341998,50,5000,336224,361
210717,150,15000,280309,29
479446,200,20000,386951,11
391432,200,20000,443944,191
629956,50,5000,207869,94
306709,150,15000,396874,144
983905,50,5000,317906,95
146744,150,15000,360927,23
338404,200,20000,160176,310
699228,200,20000,136214,115
900683,200,20000,140647,250
586477,100,10000,462269,340
104646,350,35000,304489,66
205385,350,35000,118619,65
400865,200,20000,303193,242
262511,350,35000,487930,175
888393,50,5000,138731,133
717585,50,5000,232469,201
651379,100,10000,107787,33
463729,150,15000,166385,147
718912,100,10000,293027,42
777129,100,10000,152973,40
339782,350,35000,441176,221
160460,150,15000,314106,99
745749,50,5000,112986,296
232781,150,15000,344054,201
227777,150,15000,328745,181
386713,100,10000,166681,167
158872,100,10000,351147,304
812331,100,10000,147900,186
697664,200,20000,279834,296
707523,150,15000,401019,312
379083,50,5000,161453,215
110845,100,10000,341452,215
490009,350,35000,388134,361
299203,150,15000,343636,110
476797,150,15000,484203,207
334440,100,10000,398465,120
552765,100,10000,482191,254
295970,200,20000,277267,351
757364,350,35000,487427,201
694797,200,20000,202497,173
927041,100,10000,283143,254
905987,50,5000,294773,143
261639,50,5000,267064,192
676650,150,15000,496551,281
281654,200,20000,392198,323
793609,200,20000,139122,163
417736,150,15000,282956,325
126637,50,5000,426211,117
825532,350,35000,365709,158
307327,200,20000,484789,216
592655,350,35000,484995,205
853512,150,15000,236250,76
487772,150,15000,178559,142
400599,50,5000,460090,2
149062,100,10000,374783,171
234337,50,5000,168641,288
124546,50,5000,492095,61
621156,350,35000,143373,293
841347,100,10000,176720,50
583154,50,5000,161159,265
194205,150,15000,121517,247
985528,200,20000,103248,262
777711,200,20000,354184,311
357963,350,35000,233807,65
936067,350,35000,261526,334
703075,200,20000,212860,11
402313,200,20000,162696,29
507308,50,5000,438966,131
148632,50,5000,231182,177
891010,200,20000,120612,273
451815,150,15000,380222,341
109567,50,5000,247623,39
473038,50,5000,132339,356
185035,100,10000,296025,205
899368,350,35000,390823,256
600766,100,10000,187771,164
891660,50,5000,324655,258
626921,150,15000,308256,303
373842,200,20000,114789,257
379174,350,35000,495071,275
985719,100,10000,487790,362
954068,350,35000,357350,160
894961,100,10000,450219,221
667778,200,20000,189673,335
934633,50,5000,264843,16
346901,350,35000,330536,5
199140,200,20000,101322,116
543905,150,15000,246303,154
387388,350,35000,211179,12
552363,350,35000,101601,197
212693,350,35000,258020,12
365641,350,35000,142706,314
177748,50,5000,325843,313
733951,350,35000,110412,193
601410,50,5000,473216,221
362566,100,10000,186145,239
467720,200,20000,324818,355
825150,50,5000,385225,220
963266,100,10000,264637,154
993357,200,20000,273139,21
469485,150,15000,192525,133
335116,50,5000,428501,268
224704,100,10000,471089,335
318034,200,20000,115090,21
900116,100,10000,268303,326
407920,350,35000,260082,158
834536,100,10000,148916,342
146686,50,5000,201469,267
995813,350,35000,362906,305
693654,350,35000,164724,347
836586,200,20000,234265,350
662601,200,20000,494486,166
227043,100,10000,458033,262
456159,350,35000,443351,180
524672,350,35000,231426,221
190008,350,35000,495375,146
238108,100,10000,482204,309
874938,350,35000,331056,170
811722,350,35000,280542,240
238692,150,15000,101768,110
189186,100,10000,191230,329
265391,100,10000,457134,91
603049,350,35000,177621,94
659785,100,10000,194727,277
886065,350,35000,191485,221
705472,150,15000,404970,284
481088,350,35000,191704,270
675675,150,15000,395109,148
933756,150,15000,449571,10
767132,100,10000,247857,173
726630,50,5000,430696,72
518423,50,5000,391059,346
574238,100,10000,134132,97
574509,200,20000,464700,230
823145,350,35000,352335,318
297915,350,35000,141015,35
500735,200,20000,179903,55
163580,50,5000,285751,25
835999,150,15000,467984,335
893236,100,10000,143316,317
767981,50,5000,200880,217
908438,200,20000,325082,200
151796,50,5000,466989,322
521599,350,35000,403965,104
331257,350,35000,221055,197
849106,350,35000,338897,179
656965,50,5000,376994,253
949782,50,5000,328346,31
392379,50,5000,487781,103
270144,200,20000,319784,275
158794,50,5000,137733,76
264143,100,10000,397043,15
224042,50,5000,257096,137
912697,200,20000,242761,262
143416,350,35000,334281,243
519291,150,15000,279854,184
662422,150,15000,323090,266
895495,50,5000,457029,169
289873,100,10000,178825,208
818671,50,5000,353185,312
551740,150,15000,286754,235
910090,50,5000,193912,303
320982,200,20000,377289,48
105812,200,20000,262699,105
216741,150,15000,281797,314
908894,150,15000,137311,1
491400,150,15000,263300,86
210131,50,5000,105550,292
618399,100,10000,168788,325
522525,50,5000,338898,129
887319,100,10000,227728,307
896530,150,15000,342077,173
818677,100,10000,408262,215
319121,350,35000,260402,358
150832,350,35000,108833,271
474385,350,35000,148526,328
534709,100,10000,163999,22
903511,350,35000,272955,23
397806,100,10000,104083,105
633945,350,35000,486456,69
498284,350,35000,262186,292
913059,100,10000,171071,169
546726,100,10000,416063,179
404670,150,15000,395822,41
417504,200,20000,435053,178
533677,150,15000,295866,324
285230,200,20000,190882,95
283672,100,10000,129471,348
257413,350,35000,243201,241
903101,350,35000,338644,263
366907,100,10000,200543,211
394433,200,20000,333011,25
466361,200,20000,232483,307
725075,50,5000,495447,15
401924,350,35000,260231,334
761899,350,35000,113936,136
772167,150,15000,113497,37
748161,350,35000,310281,352
653209,150,15000,424793,320
196946,150,15000,104153,16
185112,200,20000,207026,99
526498,200,20000,469900,205
718953,200,20000,358774,173
228730,50,5000,446469,30
838857,100,10000,402058,292
366736,150,15000,348935,36
352056,100,10000,168045,361
178255,100,10000,294976,40
578482,200,20000,418444,311
193741,100,10000,412288,241
325266,150,15000,351113,160
904359,200,20000,489750,85
741955,350,35000,145549,221
846582,100,10000,464342,11
246593,50,5000,430295,100
825095,50,5000,260994,62
943474,50,5000,139978,326
258006,150,15000,186730,93
670003,50,5000,198132,284
484127,150,15000,255966,206
841963,50,5000,255865,184
209172,150,15000,149056,129
842584,150,15000,153802,78
628824,100,10000,332544,234
259307,150,15000,358372,68
496517,350,35000,267549,322
165651,50,5000,140646,85
705563,350,35000,113382,316
623695,200,20000,303466,205
378015,350,35000,221840,280
328768,50,5000,131770,152
461775,350,35000,329705,293
807919,100,10000,149690,321
180796,150,15000,491051,268
307500,200,20000,132224,15
195227,50,5000,225604,325
291309,100,10000,202818,159
918829,200,20000,493078,336
567765,50,5000,357276,133
584614,100,10000,372424,277
711937,150,15000,307189,157
671861,50,5000,279885,327
244202,350,35000,132898,267
634045,350,35000,485018,161
388694,350,35000,227606,347
539440,150,15000,320153,284
287620,150,15000,194386,136
642359,200,20000,424590,200
599357,100,10000,445882,41
176291,200,20000,497822,192
287262,50,5000,366080,352
764806,100,10000,310415,14
309068,200,20000,421016,5
208268,100,10000,396128,360
107392,50,5000,346319,207
518931,50,5000,351388,5
961668,350,35000,421629,300
411367,350,35000,323562,9
143772,50,5000,232721,320
257340,50,5000,171703,178
946477,150,15000,140204,51
922073,50,5000,294860,100
296286,100,10000,283016,193
746981,50,5000,182795,297
579947,150,15000,499681,68
946097,150,15000,237165,109
847670,350,35000,261508,348
946224,200,20000,496027,306
353031,150,15000,235497,364
881615,50,5000,239329,222
778850,200,20000,196224,177
282493,350,35000,134477,359
526885,50,5000,222065,297
223261,350,35000,295897,65
926750,200,20000,319284,300
481184,150,15000,103731,112
323756,350,35000,194192,76
338639,150,15000,239808,318
281966,350,35000,412373,15
472956,100,10000,475610,264
487176,350,35000,182152,137
786873,100,10000,299635,348
277288,100,10000,370436,9
842476,50,5000,171507,273
980989,50,5000,474865,271
616336,350,35000,300883,1
787209,200,20000,137839,315
677655,50,5000,142328,118
715234,200,20000,374204,221
695469,50,5000,179428,339
973939,100,10000,214112,293
346334,200,20000,472097,97
376003,150,15000,237991,110
246129,50,5000,381448,135
839730,350,35000,250791,319
429692,350,35000,470728,64
105361,350,35000,378912,267
987899,150,15000,390923,187
812767,350,35000,409697,30
727918,50,5000,465060,316
574881,150,15000,199603,261
689716,50,5000,238204,121
969498,200,20000,454074,168
502737,200,20000,389125,117
510952,50,5000,266106,128
904401,350,35000,132587,298
